A0001,202404051000,서울역,202404051200,수원역,20000,200,200
A0002,202404051130,서울역,202404051500,대전역,30000,220,220
A0003,202404051200,서울역,202404051600,포항역,35000,300,300
A0004,202404051330,서울역,202404051730,울산역,40000,300,300
A0006,202404051020,수원역,202404051130,서울역,20000,100,100
A0007,202404051100,수원역,202404051300,대전역,25000,150,150
A0008,202404051200,수원역,202404051530,포항역,35000,250,250
A0009,202404051300,수원역,202404051700,울산역,40000,250,250
A0010,202404051400,수원역,202404051800,부산역,40000,300,300
A0011,202404051100,대전역,202404051300,서울역,30000,250,250
A0012,202404051200,대전역,202404051400,수원역,20000,250,250
A0013,202404051330,대전역,202404051530,포항역,30000,300,300
A0014,202404051400,대전역,202404051700,울산역,40000,300,300
A0015,202404051500,대전역,202404051800,부산역,40000,300,300
A0016,202404051200,포항역,202404051600,서울역,35000,300,300
A0017,202404051320,포항역,202404051620,수원역,35000,300,300
A0018,202404051400,포항역,202404051600,대전역,30000,250,250
A0019,202404051500,포항역,202404051600,울산역,20000,200,200
A0020,202404051625,포항역,202404051710,부산역,15000,150,150
A0021,202404051250,울산역,202404051650,서울역,40000,300,300
A0022,202404051300,울산역,202404051600,수원역,37000,300,300
A0023,202404051100,울산역,202404051400,대전역,32000,250,250
A0024,202404051000,울산역,202404051100,포항역,20000,200,200
A0025,202404051400,울산역,202404051700,부산역,20000,150,150
A0026,202404051300,부산역,202404051700,서울역,50000,350,350
A0027,202404051200,부산역,202404051500,수원역,40000,300,300
A0028,202404051100,부산역,202404051400,대전역,34000,250,250
A0029,202404051500,부산역,202404051600,포항역,20000,200,200
A0030,202404051700,부산역,202404051800,울산역,20000,150,150
A0031,202404061000,서울역,202404061200,수원역,20000,200,200
A0032,202404061130,서울역,202404061500,대전역,30000,220,220
A0033,202404061200,서울역,202404061600,포항역,35000,300,300
A0034,202404061330,서울역,202404061730,울산역,40000,300,300
A0035,202404061400,서울역,202404061800,부산역,40000,300,300
A0036,202404061020,수원역,202404061130,서울역,20000,100,100
A0037,202404061100,수원역,202404061300,대전역,25000,150,150
A0038,202404061200,수원역,202404061530,포항역,35000,250,250
A0039,202404061300,수원역,202404061700,울산역,40000,250,250
A0040,202404061400,수원역,202404061800,부산역,40000,300,300
A0041,202404061100,대전역,202404061300,서울역,30000,250,250
A0042,202404061200,대전역,202404061400,수원역,20000,250,250
A0043,202404061330,대전역,202404061530,포항역,30000,300,300
A0044,202404061400,대전역,202404061700,울산역,40000,300,300
A0045,202404061500,대전역,202404061800,부산역,40000,300,300
A0046,202404061200,포항역,202404061600,서울역,35000,300,300
A0047,202404061320,포항역,202404061620,수원역,35000,300,300
A0048,202404061400,포항역,202404061600,대전역,30000,250,250
A0049,202404061500,포항역,202404061600,울산역,20000,200,200
A0050,202404061625,포항역,202404061710,부산역,15000,150,150
A0051,202404061250,울산역,202404061650,서울역,40000,300,300
A0052,202404061300,울산역,202404061600,수원역,37000,300,300
A0053,202404061100,울산역,202404061400,대전역,32000,250,250
A0054,202404061000,울산역,202404061100,포항역,20000,200,200
A0055,202404061400,울산역,202404061700,부산역,20000,150,150
A0056,202404061300,부산역,202404061700,서울역,50000,350,350
A0057,202404061200,부산역,202404061500,수원역,40000,300,300
A0058,202404061100,부산역,202404061400,대전역,34000,250,250
A0059,202404061500,부산역,202404061600,포항역,20000,200,200
A0060,202404061700,부산역,202404061800,울산역,20000,150,150
A0061,202404071000,서울역,202404071200,수원역,20000,200,200
A0062,202404071130,서울역,202404071500,대전역,30000,220,220
A0063,202404071200,서울역,202404071600,포항역,35000,300,300
A0064,202404071330,서울역,202404071730,울산역,40000,300,300
A0065,202404071400,서울역,202404071800,부산역,40000,300,300
A0066,202404071020,수원역,202404071130,서울역,20000,100,100
A0067,202404071100,수원역,202404071300,대전역,25000,150,150
A0068,202404071200,수원역,202404071530,포항역,35000,250,250
A0069,202404071300,수원역,202404071700,울산역,40000,250,250
A0070,202404071400,수원역,202404071800,부산역,40000,300,300
A0071,202404071100,대전역,202404071300,서울역,30000,250,250
A0072,202404071200,대전역,202404071400,수원역,20000,250,250
A0073,202404071330,대전역,202404071530,포항역,30000,300,300
A0074,202404071400,대전역,202404071700,울산역,40000,300,300
A0075,202404071500,대전역,202404071800,부산역,40000,300,300
A0076,202404071200,포항역,202404071600,서울역,35000,300,300
A0077,202404071320,포항역,202404071620,수원역,35000,300,300
A0078,202404071400,포항역,202404071600,대전역,30000,250,250
A0079,202404071500,포항역,202404071600,울산역,20000,200,200
A0080,202404071625,포항역,202404071710,부산역,15000,150,150
A0081,202404071250,울산역,202404071650,서울역,40000,300,300
A0082,202404071300,울산역,202404071600,수원역,37000,300,300
A0083,202404071100,울산역,202404071400,대전역,32000,250,250
A0084,202404071000,울산역,202404071100,포항역,20000,200,200
A0085,202404071400,울산역,202404071700,부산역,20000,150,150
A0086,202404071300,부산역,202404071700,서울역,50000,350,350
A0087,202404071200,부산역,202404071500,수원역,40000,300,300
A0088,202404071100,부산역,202404071400,대전역,34000,250,250
A0089,202404071500,부산역,202404071600,포항역,20000,200,200
A0090,202404071700,부산역,202404071800,울산역,20000,150,150
A0091,202404081000,서울역,202404081200,수원역,20000,200,200
A0092,202404081130,서울역,202404081500,대전역,30000,220,220
A0093,202404081200,서울역,202404081600,포항역,35000,300,300
A0094,202404081330,서울역,202404081730,울산역,40000,300,300
A0095,202404081400,서울역,202404081800,부산역,40000,300,300
A0096,202404081020,수원역,202404081130,서울역,20000,100,100
A0097,202404081100,수원역,202404081300,대전역,25000,150,150
A0098,202404081200,수원역,202404081530,포항역,35000,250,250
A0099,202404081300,수원역,202404081700,울산역,40000,250,250
A0100,202404081400,수원역,202404081800,부산역,40000,300,300
A0101,202404081100,대전역,202404081300,서울역,30000,250,250
A0102,202404081200,대전역,202404081400,수원역,20000,250,250
A0103,202404081330,대전역,202404081530,포항역,30000,300,300
A0104,202404081400,대전역,202404081700,울산역,40000,300,300
A0105,202404081500,대전역,202404081800,부산역,40000,300,300
A0106,202404081200,포항역,202404081600,서울역,35000,300,300
A0107,202404081320,포항역,202404081620,수원역,35000,300,300
A0108,202404081400,포항역,202404081600,대전역,30000,250,250
A0109,202404081500,포항역,202404081600,울산역,20000,200,200
A0110,202404081625,포항역,202404081710,부산역,15000,150,150
A0111,202404081250,울산역,202404081650,서울역,40000,300,300
A0112,202404081300,울산역,202404081600,수원역,37000,300,300
A0113,202404081100,울산역,202404081400,대전역,32000,250,250
A0114,202404081000,울산역,202404081100,포항역,20000,200,200
A0115,202404081400,울산역,202404081700,부산역,20000,150,150
A0116,202404081300,부산역,202404081700,서울역,50000,350,350
A0117,202404081200,부산역,202404081500,수원역,40000,300,300
A0118,202404081100,부산역,202404081400,대전역,34000,250,250
A0119,202404081500,부산역,202404081600,포항역,20000,200,200
A0120,202404081700,부산역,202404081800,울산역,20000,150,150
A0121,202404091000,서울역,202404091200,수원역,20000,200,200
A0122,202404091130,서울역,202404091500,대전역,30000,220,220
A0123,202404091200,서울역,202404091600,포항역,35000,300,300
A0124,202404091330,서울역,202404091730,울산역,40000,300,300
A0125,202404091400,서울역,202404091800,부산역,40000,300,300
A0126,202404091020,수원역,202404091130,서울역,20000,100,100
A0127,202404091100,수원역,202404091300,대전역,25000,150,150
A0128,202404091200,수원역,202404091530,포항역,35000,250,250
A0129,202404091300,수원역,202404091700,울산역,40000,250,250
A0130,202404091400,수원역,202404091800,부산역,40000,300,300
A0131,202404091100,대전역,202404091300,서울역,30000,250,250
A0132,202404091200,대전역,202404091400,수원역,20000,250,250
A0133,202404091330,대전역,202404091530,포항역,30000,300,300
A0134,202404091400,대전역,202404091700,울산역,40000,300,300
A0135,202404091500,대전역,202404091800,부산역,40000,300,300
A0136,202404091200,포항역,202404091600,서울역,35000,300,300
A0137,202404091320,포항역,202404091620,수원역,35000,300,300
A0138,202404091400,포항역,202404091600,대전역,30000,250,250
A0139,202404091500,포항역,202404091600,울산역,20000,200,200
A0140,202404091625,포항역,202404091710,부산역,15000,150,150
A0141,202404091250,울산역,202404091650,서울역,40000,300,300
A0142,202404091300,울산역,202404091600,수원역,37000,300,300
A0143,202404091100,울산역,202404091400,대전역,32000,250,250
A0144,202404091000,울산역,202404091100,포항역,20000,200,200
A0145,202404091400,울산역,202404091700,부산역,20000,150,150
A0146,202404091300,부산역,202404091700,서울역,50000,350,350
A0147,202404091200,부산역,202404091500,수원역,40000,300,300
A0148,202404091100,부산역,202404091400,대전역,34000,250,250
A0149,202404091500,부산역,202404091600,포항역,20000,200,200
A0150,202404091700,부산역,202404091800,울산역,20000,150,150
A0151,202404101000,서울역,202404101200,수원역,20000,200,200
A0152,202404101130,서울역,202404101500,대전역,30000,220,220
A0153,202404101200,서울역,202404101600,포항역,35000,300,300
A0154,202404101330,서울역,202404101730,울산역,40000,300,300
A0155,202404101400,서울역,202404101800,부산역,40000,300,300
A0156,202404101020,수원역,202404101130,서울역,20000,100,100
A0157,202404101100,수원역,202404101300,대전역,25000,150,150
A0158,202404101200,수원역,202404101530,포항역,35000,250,250
A0159,202404101300,수원역,202404101700,울산역,40000,250,250
A0160,202404101400,수원역,202404101800,부산역,40000,300,300
A0161,202404101100,대전역,202404101300,서울역,30000,250,250
A0162,202404101200,대전역,202404101400,수원역,20000,250,250
A0163,202404101330,대전역,202404101530,포항역,30000,300,300
A0164,202404101400,대전역,202404101700,울산역,40000,300,300
A0165,202404101500,대전역,202404101800,부산역,40000,300,300
A0166,202404101200,포항역,202404101600,서울역,35000,300,300
A0167,202404101320,포항역,202404101620,수원역,35000,300,300
A0168,202404101400,포항역,202404101600,대전역,30000,250,250
A0169,202404101500,포항역,202404101600,울산역,20000,200,200
A0170,202404101625,포항역,202404101710,부산역,15000,150,150
A0171,202404101250,울산역,202404101650,서울역,40000,300,300
A0172,202404101300,울산역,202404101600,수원역,37000,300,300
A0173,202404101100,울산역,202404101400,대전역,32000,250,250
A0174,202404101000,울산역,202404101100,포항역,20000,200,200
A0175,202404101400,울산역,202404101700,부산역,20000,150,150
A0176,202404101300,부산역,202404101700,서울역,50000,350,350
A0177,202404101200,부산역,202404101500,수원역,40000,300,300
A0178,202404101100,부산역,202404101400,대전역,34000,250,250
A0179,202404101500,부산역,202404101600,포항역,20000,200,200
A0180,202404101700,부산역,202404101800,울산역,20000,150,150
A0181,202404111000,서울역,202404111200,수원역,20000,200,200
A0182,202404111130,서울역,202404111500,대전역,30000,220,220
A0183,202404111200,서울역,202404111600,포항역,35000,300,300
A0184,202404111330,서울역,202404111730,울산역,40000,300,300
A0185,202404111400,서울역,202404111800,부산역,40000,300,300
A0186,202404111020,수원역,202404111130,서울역,20000,100,100
A0187,202404111100,수원역,202404111300,대전역,25000,150,150
A0188,202404111200,수원역,202404111530,포항역,35000,250,250
A0189,202404111300,수원역,202404111700,울산역,40000,250,250
A0190,202404111400,수원역,202404111800,부산역,40000,300,300
A0191,202404111100,대전역,202404111300,서울역,30000,250,250
A0192,202404111200,대전역,202404111400,수원역,20000,250,250
A0193,202404111330,대전역,202404111530,포항역,30000,300,300
A0194,202404111400,대전역,202404111700,울산역,40000,300,300
A0195,202404111500,대전역,202404111800,부산역,40000,300,300
A0196,202404111200,포항역,202404111600,서울역,35000,300,300
A0197,202404111320,포항역,202404111620,수원역,35000,300,300
A0198,202404111400,포항역,202404111600,대전역,30000,250,250
A0199,202404111500,포항역,202404111600,울산역,20000,200,200
A0200,202404111625,포항역,202404111710,부산역,15000,150,150
A0201,202404111250,울산역,202404111650,서울역,40000,300,300
A0202,202404111300,울산역,202404111600,수원역,37000,300,300
A0203,202404111100,울산역,202404111400,대전역,32000,250,250
A0204,202404111000,울산역,202404111100,포항역,20000,200,200
A0205,202404111400,울산역,202404111700,부산역,20000,150,150
A0206,202404111300,부산역,202404111700,서울역,50000,350,350
A0207,202404111200,부산역,202404111500,수원역,40000,300,300
A0208,202404111100,부산역,202404111400,대전역,34000,250,250
A0209,202404111500,부산역,202404111600,포항역,20000,200,200
A0210,202404111700,부산역,202404111800,울산역,20000,150,150
A0211,202404121000,서울역,202404121200,수원역,20000,200,200
A0212,202404121130,서울역,202404121500,대전역,30000,220,220
A0213,202404121200,서울역,202404121600,포항역,35000,300,300
A0214,202404121330,서울역,202404121730,울산역,40000,300,300
A0215,202404121400,서울역,202404121800,부산역,40000,300,300
A0216,202404121020,수원역,202404121130,서울역,20000,100,100
A0217,202404121100,수원역,202404121300,대전역,25000,150,150
A0218,202404121200,수원역,202404121530,포항역,35000,250,250
A0219,202404121300,수원역,202404121700,울산역,40000,250,250
A0220,202404121400,수원역,202404121800,부산역,40000,300,300
A0221,202404121100,대전역,202404121300,서울역,30000,250,250
A0222,202404121200,대전역,202404121400,수원역,20000,250,250
A0223,202404121330,대전역,202404121530,포항역,30000,300,300
A0224,202404121400,대전역,202404121700,울산역,40000,300,300
A0225,202404121500,대전역,202404121800,부산역,40000,300,300
A0226,202404121200,포항역,202404121600,서울역,35000,300,300
A0227,202404121320,포항역,202404121620,수원역,35000,300,300
A0228,202404121400,포항역,202404121600,대전역,30000,250,250
A0229,202404121500,포항역,202404121600,울산역,20000,200,200
A0230,202404121625,포항역,202404121710,부산역,15000,150,150
A0231,202404121250,울산역,202404121650,서울역,40000,300,300
A0232,202404121300,울산역,202404121600,수원역,37000,300,300
A0233,202404121100,울산역,202404121400,대전역,32000,250,250
A0234,202404121000,울산역,202404121100,포항역,20000,200,200
A0235,202404121400,울산역,202404121700,부산역,20000,150,150
A0236,202404121300,부산역,202404121700,서울역,50000,350,350
A0237,202404121200,부산역,202404121500,수원역,40000,300,300
A0238,202404121100,부산역,202404121400,대전역,34000,250,250
A0239,202404121500,부산역,202404121600,포항역,20000,200,200
A0240,202404121700,부산역,202404121800,울산역,20000,150,150
A0241,202404131000,서울역,202404131200,수원역,20000,200,200
A0242,202404131130,서울역,202404131500,대전역,30000,220,220
A0243,202404131200,서울역,202404131600,포항역,35000,300,300
A0244,202404131330,서울역,202404131730,울산역,40000,300,300
A0245,202404131400,서울역,202404131800,부산역,40000,300,300
A0246,202404131020,수원역,202404131130,서울역,20000,100,100
A0247,202404131100,수원역,202404131300,대전역,25000,150,150
A0248,202404131200,수원역,202404131530,포항역,35000,250,250
A0249,202404131300,수원역,202404131700,울산역,40000,250,250
A0250,202404131400,수원역,202404131800,부산역,40000,300,300
A0251,202404131100,대전역,202404131300,서울역,30000,250,250
A0252,202404131200,대전역,202404131400,수원역,20000,250,250
A0253,202404131330,대전역,202404131530,포항역,30000,300,300
A0254,202404131400,대전역,202404131700,울산역,40000,300,300
A0255,202404131500,대전역,202404131800,부산역,40000,300,300
A0256,202404131200,포항역,202404131600,서울역,35000,300,300
A0257,202404131320,포항역,202404131620,수원역,35000,300,300
A0258,202404131400,포항역,202404131600,대전역,30000,250,250
A0259,202404131500,포항역,202404131600,울산역,20000,200,200
A0260,202404131625,포항역,202404131710,부산역,15000,150,150
A0261,202404131250,울산역,202404131650,서울역,40000,300,300
A0262,202404131300,울산역,202404131600,수원역,37000,300,300
A0263,202404131100,울산역,202404131400,대전역,32000,250,250
A0264,202404131000,울산역,202404131100,포항역,20000,200,200
A0265,202404131400,울산역,202404131700,부산역,20000,150,150
A0266,202404131300,부산역,202404131700,서울역,50000,350,350
A0267,202404131200,부산역,202404131500,수원역,40000,300,300
A0268,202404131100,부산역,202404131400,대전역,34000,250,250
A0269,202404131500,부산역,202404131600,포항역,20000,200,200
A0270,202404131700,부산역,202404131800,울산역,20000,150,150
A0271,202404141000,서울역,202404141200,수원역,20000,200,200
A0272,202404141130,서울역,202404141500,대전역,30000,220,220
A0273,202404141200,서울역,202404141600,포항역,35000,300,300
A0274,202404141330,서울역,202404141730,울산역,40000,300,300
A0275,202404141400,서울역,202404141800,부산역,40000,300,300
A0276,202404141020,수원역,202404141130,서울역,20000,100,100
A0277,202404141100,수원역,202404141300,대전역,25000,150,150
A0278,202404141200,수원역,202404141530,포항역,35000,250,250
A0279,202404141300,수원역,202404141700,울산역,40000,250,250
A0280,202404141400,수원역,202404141800,부산역,40000,300,300
A0281,202404141100,대전역,202404141300,서울역,30000,250,250
A0282,202404141200,대전역,202404141400,수원역,20000,250,250
A0283,202404141330,대전역,202404141530,포항역,30000,300,300
A0284,202404141400,대전역,202404141700,울산역,40000,300,300
A0285,202404141500,대전역,202404141800,부산역,40000,300,300
A0286,202404141200,포항역,202404141600,서울역,35000,300,300
A0287,202404141320,포항역,202404141620,수원역,35000,300,300
A0288,202404141400,포항역,202404141600,대전역,30000,250,250
A0289,202404141500,포항역,202404141600,울산역,20000,200,200
A0290,202404141625,포항역,202404141710,부산역,15000,150,150
A0291,202404141250,울산역,202404141650,서울역,40000,300,300
A0292,202404141300,울산역,202404141600,수원역,37000,300,300
A0293,202404141100,울산역,202404141400,대전역,32000,250,250
A0294,202404141000,울산역,202404141100,포항역,20000,200,200
A0295,202404141400,울산역,202404141700,부산역,20000,150,150
A0296,202404141300,부산역,202404141700,서울역,50000,350,350
A0297,202404141200,부산역,202404141500,수원역,40000,300,300
A0298,202404141100,부산역,202404141400,대전역,34000,250,250
A0299,202404141500,부산역,202404141600,포항역,20000,200,200
A0300,202404141700,부산역,202404141800,울산역,20000,150,150
A0301,202404151000,서울역,202404151200,수원역,20000,200,200
A0302,202404151130,서울역,202404151500,대전역,30000,220,220
A0303,202404151200,서울역,202404151600,포항역,35000,300,300
A0304,202404151330,서울역,202404151730,울산역,40000,300,300
A0305,202404151400,서울역,202404151800,부산역,40000,300,300
A0306,202404151020,수원역,202404151130,서울역,20000,100,100
A0307,202404151100,수원역,202404151300,대전역,25000,150,150
A0308,202404151200,수원역,202404151530,포항역,35000,250,250
A0309,202404151300,수원역,202404151700,울산역,40000,250,250
A0310,202404151400,수원역,202404151800,부산역,40000,300,300
A0311,202404151100,대전역,202404151300,서울역,30000,250,250
A0312,202404151200,대전역,202404151400,수원역,20000,250,250
A0313,202404151330,대전역,202404151530,포항역,30000,300,300
A0314,202404151400,대전역,202404151700,울산역,40000,300,300
A0315,202404151500,대전역,202404151800,부산역,40000,300,300
A0316,202404151200,포항역,202404151600,서울역,35000,300,300
A0317,202404151320,포항역,202404151620,수원역,35000,300,300
A0318,202404151400,포항역,202404151600,대전역,30000,250,250
A0319,202404151500,포항역,202404151600,울산역,20000,200,200
A0320,202404151625,포항역,202404151710,부산역,15000,150,150
A0321,202404151250,울산역,202404151650,서울역,40000,300,300
A0322,202404151300,울산역,202404151600,수원역,37000,300,300
A0323,202404151100,울산역,202404151400,대전역,32000,250,250
A0324,202404151000,울산역,202404151100,포항역,20000,200,200
A0325,202404151400,울산역,202404151700,부산역,20000,150,150
A0326,202404151300,부산역,202404151700,서울역,50000,350,350
A0327,202404151200,부산역,202404151500,수원역,40000,300,300
A0328,202404151100,부산역,202404151400,대전역,34000,250,250
A0329,202404151500,부산역,202404151600,포항역,20000,200,200
A0330,202404151700,부산역,202404151800,울산역,20000,150,150
A0331,202404161000,서울역,202404161200,수원역,20000,200,200
A0332,202404161130,서울역,202404161500,대전역,30000,220,220
A0333,202404161200,서울역,202404161600,포항역,35000,300,300
A0334,202404161330,서울역,202404161730,울산역,40000,300,300
A0335,202404161400,서울역,202404161800,부산역,40000,300,300
A0336,202404161020,수원역,202404161130,서울역,20000,100,100
A0337,202404161100,수원역,202404161300,대전역,25000,150,150
A0338,202404161200,수원역,202404161530,포항역,35000,250,250
A0339,202404161300,수원역,202404161700,울산역,40000,250,250
A0340,202404161400,수원역,202404161800,부산역,40000,300,300
A0341,202404161100,대전역,202404161300,서울역,30000,250,250
A0342,202404161200,대전역,202404161400,수원역,20000,250,250
A0343,202404161330,대전역,202404161530,포항역,30000,300,300
A0344,202404161400,대전역,202404161700,울산역,40000,300,300
A0345,202404161500,대전역,202404161800,부산역,40000,300,300
A0346,202404161200,포항역,202404161600,서울역,35000,300,300
A0347,202404161320,포항역,202404161620,수원역,35000,300,300
A0348,202404161400,포항역,202404161600,대전역,30000,250,250
A0349,202404161500,포항역,202404161600,울산역,20000,200,200
A0350,202404161625,포항역,202404161710,부산역,15000,150,150
A0351,202404161250,울산역,202404161650,서울역,40000,300,300
A0352,202404161300,울산역,202404161600,수원역,37000,300,300
A0353,202404161100,울산역,202404161400,대전역,32000,250,250
A0354,202404161000,울산역,202404161100,포항역,20000,200,200
A0355,202404161400,울산역,202404161700,부산역,20000,150,150
A0356,202404161300,부산역,202404161700,서울역,50000,350,350
A0357,202404161200,부산역,202404161500,수원역,40000,300,300
A0358,202404161100,부산역,202404161400,대전역,34000,250,250
A0359,202404161500,부산역,202404161600,포항역,20000,200,200
A0360,202404161700,부산역,202404161800,울산역,20000,150,150
A0361,202404171000,서울역,202404171200,수원역,20000,200,200
A0362,202404171130,서울역,202404171500,대전역,30000,220,220
A0363,202404171200,서울역,202404171600,포항역,35000,300,300
A0364,202404171330,서울역,202404171730,울산역,40000,300,300
A0365,202404171400,서울역,202404171800,부산역,40000,300,300
A0366,202404171020,수원역,202404171130,서울역,20000,100,100
A0367,202404171100,수원역,202404171300,대전역,25000,150,150
A0368,202404171200,수원역,202404171530,포항역,35000,250,250
A0369,202404171300,수원역,202404171700,울산역,40000,250,250
A0370,202404171400,수원역,202404171800,부산역,40000,300,300
A0371,202404171100,대전역,202404171300,서울역,30000,250,250
A0372,202404171200,대전역,202404171400,수원역,20000,250,250
A0373,202404171330,대전역,202404171530,포항역,30000,300,300
A0374,202404171400,대전역,202404171700,울산역,40000,300,300
A0375,202404171500,대전역,202404171800,부산역,40000,300,300
A0376,202404171200,포항역,202404171600,서울역,35000,300,300
A0377,202404171320,포항역,202404171620,수원역,35000,300,300
A0378,202404171400,포항역,202404171600,대전역,30000,250,250
A0379,202404171500,포항역,202404171600,울산역,20000,200,200
A0380,202404171625,포항역,202404171710,부산역,15000,150,150
A0381,202404171250,울산역,202404171650,서울역,40000,300,300
A0382,202404171300,울산역,202404171600,수원역,37000,300,300
A0383,202404171100,울산역,202404171400,대전역,32000,250,250
A0384,202404171000,울산역,202404171100,포항역,20000,200,200
A0385,202404171400,울산역,202404171700,부산역,20000,150,150
A0386,202404171300,부산역,202404171700,서울역,50000,350,350
A0387,202404171200,부산역,202404171500,수원역,40000,300,300
A0388,202404171100,부산역,202404171400,대전역,34000,250,250
A0389,202404171500,부산역,202404171600,포항역,20000,200,200
A0390,202404171700,부산역,202404171800,울산역,20000,150,150
A0391,202404181000,서울역,202404181200,수원역,20000,200,200
A0392,202404181130,서울역,202404181500,대전역,30000,220,220
A0393,202404181200,서울역,202404181600,포항역,35000,300,300
A0394,202404181330,서울역,202404181730,울산역,40000,300,300
A0395,202404181400,서울역,202404181800,부산역,40000,300,300
A0396,202404181020,수원역,202404181130,서울역,20000,100,100
A0397,202404181100,수원역,202404181300,대전역,25000,150,150
A0398,202404181200,수원역,202404181530,포항역,35000,250,250
A0399,202404181300,수원역,202404181700,울산역,40000,250,250
A0400,202404181400,수원역,202404181800,부산역,40000,300,300
A0401,202404181100,대전역,202404181300,서울역,30000,250,250
A0402,202404181200,대전역,202404181400,수원역,20000,250,250
A0403,202404181330,대전역,202404181530,포항역,30000,300,300
A0404,202404181400,대전역,202404181700,울산역,40000,300,300
A0405,202404181500,대전역,202404181800,부산역,40000,300,300
A0406,202404181200,포항역,202404181600,서울역,35000,300,300
A0407,202404181320,포항역,202404181620,수원역,35000,300,300
A0408,202404181400,포항역,202404181600,대전역,30000,250,250
A0409,202404181500,포항역,202404181600,울산역,20000,200,200
A0410,202404181625,포항역,202404181710,부산역,15000,150,150
A0411,202404181250,울산역,202404181650,서울역,40000,300,300
A0412,202404181300,울산역,202404181600,수원역,37000,300,300
A0413,202404181100,울산역,202404181400,대전역,32000,250,250
A0414,202404181000,울산역,202404181100,포항역,20000,200,200
A0415,202404181400,울산역,202404181700,부산역,20000,150,150
A0416,202404181300,부산역,202404181700,서울역,50000,350,350
A0417,202404181200,부산역,202404181500,수원역,40000,300,300
A0418,202404181100,부산역,202404181400,대전역,34000,250,250
A0419,202404181500,부산역,202404181600,포항역,20000,200,200
A0420,202404181700,부산역,202404181800,울산역,20000,150,150
A0421,202404191000,서울역,202404191200,수원역,20000,200,200
A0422,202404191130,서울역,202404191500,대전역,30000,220,220
A0423,202404191200,서울역,202404191600,포항역,35000,300,300
A0424,202404191330,서울역,202404191730,울산역,40000,300,300
A0425,202404191400,서울역,202404191800,부산역,40000,300,300
A0426,202404191020,수원역,202404191130,서울역,20000,100,100
A0427,202404191100,수원역,202404191300,대전역,25000,150,150
A0428,202404191200,수원역,202404191530,포항역,35000,250,250
A0429,202404191300,수원역,202404191700,울산역,40000,250,250
A0430,202404191400,수원역,202404191800,부산역,40000,300,300
A0431,202404191100,대전역,202404191300,서울역,30000,250,250
A0432,202404191200,대전역,202404191400,수원역,20000,250,250
A0433,202404191330,대전역,202404191530,포항역,30000,300,300
A0434,202404191400,대전역,202404191700,울산역,40000,300,300
A0435,202404191500,대전역,202404191800,부산역,40000,300,300
A0436,202404191200,포항역,202404191600,서울역,35000,300,300
A0437,202404191320,포항역,202404191620,수원역,35000,300,300
A0438,202404191400,포항역,202404191600,대전역,30000,250,250
A0439,202404191500,포항역,202404191600,울산역,20000,200,200
A0440,202404191625,포항역,202404191710,부산역,15000,150,150
A0441,202404191250,울산역,202404191650,서울역,40000,300,300
A0442,202404191300,울산역,202404191600,수원역,37000,300,300
A0443,202404191100,울산역,202404191400,대전역,32000,250,250
A0444,202404191000,울산역,202404191100,포항역,20000,200,200
A0445,202404191400,울산역,202404191700,부산역,20000,150,150
A0446,202404191300,부산역,202404191700,서울역,50000,350,350
A0447,202404191200,부산역,202404191500,수원역,40000,300,300
A0448,202404191100,부산역,202404191400,대전역,34000,250,250
A0449,202404191500,부산역,202404191600,포항역,20000,200,200
A0450,202404191700,부산역,202404191800,울산역,20000,150,150
B0001,202404201000,서울역,202404201200,수원역,20000,200,200
B0002,202404201130,서울역,202404201500,대전역,30000,220,220
B0003,202404201200,서울역,202404201600,포항역,35000,300,300
B0004,202404201330,서울역,202404201730,울산역,40000,300,300
B0005,202404201400,서울역,202404201800,부산역,40000,300,300
B0006,202404201020,수원역,202404201130,서울역,20000,100,100
B0007,202404201100,수원역,202404201300,대전역,25000,150,150
B0008,202404201200,수원역,202404201530,포항역,35000,250,250
B0009,202404201300,수원역,202404201700,울산역,40000,250,250
B0010,202404201400,수원역,202404201800,부산역,40000,300,300
B0011,202404201100,대전역,202404201300,서울역,30000,250,250
B0012,202404201200,대전역,202404201400,수원역,20000,250,250
B0013,202404201330,대전역,202404201530,포항역,30000,300,300
B0014,202404201400,대전역,202404201700,울산역,40000,300,300
B0015,202404201500,대전역,202404201800,부산역,40000,300,300
B0016,202404201200,포항역,202404201600,서울역,35000,300,300
B0017,202404201320,포항역,202404201620,수원역,35000,300,300
B0018,202404201400,포항역,202404201600,대전역,30000,250,250
B0019,202404201500,포항역,202404201600,울산역,20000,200,200
B0020,202404201625,포항역,202404201710,부산역,15000,150,150
B0021,202404201250,울산역,202404201650,서울역,40000,300,300
B0022,202404201300,울산역,202404201600,수원역,37000,300,300
B0023,202404201100,울산역,202404201400,대전역,32000,250,250
B0024,202404201000,울산역,202404201100,포항역,20000,200,200
B0025,202404201400,울산역,202404201700,부산역,20000,150,150
B0026,202404201300,부산역,202404201700,서울역,50000,350,350
B0027,202404201200,부산역,202404201500,수원역,40000,300,300
B0028,202404201100,부산역,202404201400,대전역,34000,250,250
B0029,202404201500,부산역,202404201600,포항역,20000,200,200
B0030,202404201700,부산역,202404201800,울산역,20000,150,150
B0031,202404211000,서울역,202404211200,수원역,20000,200,200
B0032,202404211130,서울역,202404211500,대전역,30000,220,220
B0033,202404211200,서울역,202404211600,포항역,35000,300,300
B0034,202404211330,서울역,202404211730,울산역,40000,300,300
B0035,202404211400,서울역,202404211800,부산역,40000,300,300
B0036,202404211020,수원역,202404211130,서울역,20000,100,100
B0037,202404211100,수원역,202404211300,대전역,25000,150,150
B0038,202404211200,수원역,202404211530,포항역,35000,250,250
B0039,202404211300,수원역,202404211700,울산역,40000,250,250
B0040,202404211400,수원역,202404211800,부산역,40000,300,300
B0041,202404211100,대전역,202404211300,서울역,30000,250,250
B0042,202404211200,대전역,202404211400,수원역,20000,250,250
B0043,202404211330,대전역,202404211530,포항역,30000,300,300
B0044,202404211400,대전역,202404211700,울산역,40000,300,300
B0045,202404211500,대전역,202404211800,부산역,40000,300,300
B0046,202404211200,포항역,202404211600,서울역,35000,300,300
B0047,202404211320,포항역,202404211620,수원역,35000,300,300
B0048,202404211400,포항역,202404211600,대전역,30000,250,250
B0049,202404211500,포항역,202404211600,울산역,20000,200,200
B0050,202404211625,포항역,202404211710,부산역,15000,150,150
B0051,202404211250,울산역,202404211650,서울역,40000,300,300
B0052,202404211300,울산역,202404211600,수원역,37000,300,300
B0053,202404211100,울산역,202404211400,대전역,32000,250,250
B0054,202404211000,울산역,202404211100,포항역,20000,200,200
B0055,202404211400,울산역,202404211700,부산역,20000,150,150
B0056,202404211300,부산역,202404211700,서울역,50000,350,350
B0057,202404211200,부산역,202404211500,수원역,40000,300,300
B0058,202404211100,부산역,202404211400,대전역,34000,250,250
B0059,202404211500,부산역,202404211600,포항역,20000,200,200
B0060,202404211700,부산역,202404211800,울산역,20000,150,150
B0061,202404221000,서울역,202404221200,수원역,20000,200,200
B0062,202404221130,서울역,202404221500,대전역,30000,220,220
B0063,202404221200,서울역,202404221600,포항역,35000,300,300
B0064,202404221330,서울역,202404221730,울산역,40000,300,300
B0065,202404221400,서울역,202404221800,부산역,40000,300,300
B0066,202404221020,수원역,202404221130,서울역,20000,100,100
B0067,202404221100,수원역,202404221300,대전역,25000,150,150
B0068,202404221200,수원역,202404221530,포항역,35000,250,250
B0069,202404221300,수원역,202404221700,울산역,40000,250,250
B0070,202404221400,수원역,202404221800,부산역,40000,300,300
B0071,202404221100,대전역,202404221300,서울역,30000,250,250
B0072,202404221200,대전역,202404221400,수원역,20000,250,250
B0073,202404221330,대전역,202404221530,포항역,30000,300,300
B0074,202404221400,대전역,202404221700,울산역,40000,300,300
B0075,202404221500,대전역,202404221800,부산역,40000,300,300
B0076,202404221200,포항역,202404221600,서울역,35000,300,300
B0077,202404221320,포항역,202404221620,수원역,35000,300,300
B0078,202404221400,포항역,202404221600,대전역,30000,250,250
B0079,202404221500,포항역,202404221600,울산역,20000,200,200
B0080,202404221625,포항역,202404221710,부산역,15000,150,150
B0081,202404221250,울산역,202404221650,서울역,40000,300,300
B0082,202404221300,울산역,202404221600,수원역,37000,300,300
B0083,202404221100,울산역,202404221400,대전역,32000,250,250
B0084,202404221000,울산역,202404221100,포항역,20000,200,200
B0085,202404221400,울산역,202404221700,부산역,20000,150,150
B0086,202404221300,부산역,202404221700,서울역,50000,350,350
B0087,202404221200,부산역,202404221500,수원역,40000,300,300
B0088,202404221100,부산역,202404221400,대전역,34000,250,250
B0089,202404221500,부산역,202404221600,포항역,20000,200,200
B0090,202404221700,부산역,202404221800,울산역,20000,150,150
B0091,202404231000,서울역,202404231200,수원역,20000,200,200
B0092,202404231130,서울역,202404231500,대전역,30000,220,220
B0093,202404231200,서울역,202404231600,포항역,35000,300,300
B0094,202404231330,서울역,202404231730,울산역,40000,300,300
B0095,202404231400,서울역,202404231800,부산역,40000,300,300
B0096,202404231020,수원역,202404231130,서울역,20000,100,100
B0097,202404231100,수원역,202404231300,대전역,25000,150,150
B0098,202404231200,수원역,202404231530,포항역,35000,250,250
B0099,202404231300,수원역,202404231700,울산역,40000,250,250
B0100,202404231400,수원역,202404231800,부산역,40000,300,300
B0101,202404231100,대전역,202404231300,서울역,30000,250,250
B0102,202404231200,대전역,202404231400,수원역,20000,250,250
B0103,202404231330,대전역,202404231530,포항역,30000,300,300
B0104,202404231400,대전역,202404231700,울산역,40000,300,300
B0105,202404231500,대전역,202404231800,부산역,40000,300,300
B0106,202404231200,포항역,202404231600,서울역,35000,300,300
B0107,202404231320,포항역,202404231620,수원역,35000,300,300
B0108,202404231400,포항역,202404231600,대전역,30000,250,250
B0109,202404231500,포항역,202404231600,울산역,20000,200,200
B0110,202404231625,포항역,202404231710,부산역,15000,150,150
B0111,202404231250,울산역,202404231650,서울역,40000,300,300
B0112,202404231300,울산역,202404231600,수원역,37000,300,300
B0113,202404231100,울산역,202404231400,대전역,32000,250,250
B0114,202404231000,울산역,202404231100,포항역,20000,200,200
B0115,202404231400,울산역,202404231700,부산역,20000,150,150
B0116,202404231300,부산역,202404231700,서울역,50000,350,350
B0117,202404231200,부산역,202404231500,수원역,40000,300,300
B0118,202404231100,부산역,202404231400,대전역,34000,250,250
B0119,202404231500,부산역,202404231600,포항역,20000,200,200
B0120,202404231700,부산역,202404231800,울산역,20000,150,150
B0121,202404241000,서울역,202404241200,수원역,20000,200,200
B0122,202404241130,서울역,202404241500,대전역,30000,220,220
B0123,202404241200,서울역,202404241600,포항역,35000,300,300
B0124,202404241330,서울역,202404241730,울산역,40000,300,300
B0125,202404241400,서울역,202404241800,부산역,40000,300,300
B0126,202404241020,수원역,202404241130,서울역,20000,100,100
B0127,202404241100,수원역,202404241300,대전역,25000,150,150
B0128,202404241200,수원역,202404241530,포항역,35000,250,250
B0129,202404241300,수원역,202404241700,울산역,40000,250,250
B0130,202404241400,수원역,202404241800,부산역,40000,300,300
B0131,202404241100,대전역,202404241300,서울역,30000,250,250
B0132,202404241200,대전역,202404241400,수원역,20000,250,250
B0133,202404241330,대전역,202404241530,포항역,30000,300,300
B0134,202404241400,대전역,202404241700,울산역,40000,300,300
B0135,202404241500,대전역,202404241800,부산역,40000,300,300
B0136,202404241200,포항역,202404241600,서울역,35000,300,300
B0137,202404241320,포항역,202404241620,수원역,35000,300,300
B0138,202404241400,포항역,202404241600,대전역,30000,250,250
B0139,202404241500,포항역,202404241600,울산역,20000,200,200
B0140,202404241625,포항역,202404241710,부산역,15000,150,150
B0141,202404241250,울산역,202404241650,서울역,40000,300,300
B0142,202404241300,울산역,202404241600,수원역,37000,300,300
B0143,202404241100,울산역,202404241400,대전역,32000,250,250
B0144,202404241000,울산역,202404241100,포항역,20000,200,200
B0145,202404241400,울산역,202404241700,부산역,20000,150,150
B0146,202404241300,부산역,202404241700,서울역,50000,350,350
B0147,202404241200,부산역,202404241500,수원역,40000,300,300
B0148,202404241100,부산역,202404241400,대전역,34000,250,250
B0149,202404241500,부산역,202404241600,포항역,20000,200,200
B0150,202404241700,부산역,202404241800,울산역,20000,150,150
B0151,202404251000,서울역,202404251200,수원역,20000,200,200
B0152,202404251130,서울역,202404251500,대전역,30000,220,220
B0153,202404251200,서울역,202404251600,포항역,35000,300,300
B0154,202404251330,서울역,202404251730,울산역,40000,300,300
B0155,202404251400,서울역,202404251800,부산역,40000,300,300
B0156,202404251020,수원역,202404251130,서울역,20000,100,100
B0157,202404251100,수원역,202404251300,대전역,25000,150,150
B0158,202404251200,수원역,202404251530,포항역,35000,250,250
B0159,202404251300,수원역,202404251700,울산역,40000,250,250
B0160,202404251400,수원역,202404251800,부산역,40000,300,300
B0161,202404251100,대전역,202404251300,서울역,30000,250,250
B0162,202404251200,대전역,202404251400,수원역,20000,250,250
B0163,202404251330,대전역,202404251530,포항역,30000,300,300
B0164,202404251400,대전역,202404251700,울산역,40000,300,300
B0165,202404251500,대전역,202404251800,부산역,40000,300,300
B0166,202404251200,포항역,202404251600,서울역,35000,300,300
B0167,202404251320,포항역,202404251620,수원역,35000,300,300
B0168,202404251400,포항역,202404251600,대전역,30000,250,250
B0169,202404251500,포항역,202404251600,울산역,20000,200,200
B0170,202404251625,포항역,202404251710,부산역,15000,150,150
B0171,202404251250,울산역,202404251650,서울역,40000,300,300
B0172,202404251300,울산역,202404251600,수원역,37000,300,300
B0173,202404251100,울산역,202404251400,대전역,32000,250,250
B0174,202404251000,울산역,202404251100,포항역,20000,200,200
B0175,202404251400,울산역,202404251700,부산역,20000,150,150
B0176,202404251300,부산역,202404251700,서울역,50000,350,350
B0177,202404251200,부산역,202404251500,수원역,40000,300,300
B0178,202404251100,부산역,202404251400,대전역,34000,250,250
B0179,202404251500,부산역,202404251600,포항역,20000,200,200
B0180,202404251700,부산역,202404251800,울산역,20000,150,150
B0181,202404261000,서울역,202404261200,수원역,20000,200,200
B0182,202404261130,서울역,202404261500,대전역,30000,220,220
B0183,202404261200,서울역,202404261600,포항역,35000,300,300
B0184,202404261330,서울역,202404261730,울산역,40000,300,300
B0185,202404261400,서울역,202404261800,부산역,40000,300,300
B0186,202404261020,수원역,202404261130,서울역,20000,100,100
B0187,202404261100,수원역,202404261300,대전역,25000,150,150
B0188,202404261200,수원역,202404261530,포항역,35000,250,250
B0189,202404261300,수원역,202404261700,울산역,40000,250,250
B0190,202404261400,수원역,202404261800,부산역,40000,300,300
B0191,202404261100,대전역,202404261300,서울역,30000,250,250
B0192,202404261200,대전역,202404261400,수원역,20000,250,250
B0193,202404261330,대전역,202404261530,포항역,30000,300,300
B0194,202404261400,대전역,202404261700,울산역,40000,300,300
B0195,202404261500,대전역,202404261800,부산역,40000,300,300
B0196,202404261200,포항역,202404261600,서울역,35000,300,300
B0197,202404261320,포항역,202404261620,수원역,35000,300,300
B0198,202404261400,포항역,202404261600,대전역,30000,250,250
B0199,202404261500,포항역,202404261600,울산역,20000,200,200
B0200,202404261625,포항역,202404261710,부산역,15000,150,150
B0201,202404261250,울산역,202404261650,서울역,40000,300,300
B0202,202404261300,울산역,202404261600,수원역,37000,300,300
B0203,202404261100,울산역,202404261400,대전역,32000,250,250
B0204,202404261000,울산역,202404261100,포항역,20000,200,200
B0205,202404261400,울산역,202404261700,부산역,20000,150,150
B0206,202404261300,부산역,202404261700,서울역,50000,350,350
B0207,202404261200,부산역,202404261500,수원역,40000,300,300
B0208,202404261100,부산역,202404261400,대전역,34000,250,250
B0209,202404261500,부산역,202404261600,포항역,20000,200,200
B0210,202404261700,부산역,202404261800,울산역,20000,150,150
B0211,202404271000,서울역,202404271200,수원역,20000,200,200
B0212,202404271130,서울역,202404271500,대전역,30000,220,220
B0213,202404271200,서울역,202404271600,포항역,35000,300,300
B0214,202404271330,서울역,202404271730,울산역,40000,300,300
B0215,202404271400,서울역,202404271800,부산역,40000,300,300
B0216,202404271020,수원역,202404271130,서울역,20000,100,100
B0217,202404271100,수원역,202404271300,대전역,25000,150,150
B0218,202404271200,수원역,202404271530,포항역,35000,250,250
B0219,202404271300,수원역,202404271700,울산역,40000,250,250
B0220,202404271400,수원역,202404271800,부산역,40000,300,300
B0221,202404271100,대전역,202404271300,서울역,30000,250,250
B0222,202404271200,대전역,202404271400,수원역,20000,250,250
B0223,202404271330,대전역,202404271530,포항역,30000,300,300
B0224,202404271400,대전역,202404271700,울산역,40000,300,300
B0225,202404271500,대전역,202404271800,부산역,40000,300,300
B0226,202404271200,포항역,202404271600,서울역,35000,300,300
B0227,202404271320,포항역,202404271620,수원역,35000,300,300
B0228,202404271400,포항역,202404271600,대전역,30000,250,250
B0229,202404271500,포항역,202404271600,울산역,20000,200,200
B0230,202404271625,포항역,202404271710,부산역,15000,150,150
B0231,202404271250,울산역,202404271650,서울역,40000,300,300
B0232,202404271300,울산역,202404271600,수원역,37000,300,300
B0233,202404271100,울산역,202404271400,대전역,32000,250,250
B0234,202404271000,울산역,202404271100,포항역,20000,200,200
B0235,202404271400,울산역,202404271700,부산역,20000,150,150
B0236,202404271300,부산역,202404271700,서울역,50000,350,350
B0237,202404271200,부산역,202404271500,수원역,40000,300,300
B0238,202404271100,부산역,202404271400,대전역,34000,250,250
B0239,202404271500,부산역,202404271600,포항역,20000,200,200
B0240,202404271700,부산역,202404271800,울산역,20000,150,150
B0241,202404281000,서울역,202404281200,수원역,20000,200,200
B0242,202404281130,서울역,202404281500,대전역,30000,220,220
B0243,202404281200,서울역,202404281600,포항역,35000,300,300
B0244,202404281330,서울역,202404281730,울산역,40000,300,300
B0245,202404281400,서울역,202404281800,부산역,40000,300,300
B0246,202404281020,수원역,202404281130,서울역,20000,100,100
B0247,202404281100,수원역,202404281300,대전역,25000,150,150
B0248,202404281200,수원역,202404281530,포항역,35000,250,250
B0249,202404281300,수원역,202404281700,울산역,40000,250,250
B0250,202404281400,수원역,202404281800,부산역,40000,300,300
B0251,202404281100,대전역,202404281300,서울역,30000,250,250
B0252,202404281200,대전역,202404281400,수원역,20000,250,250
B0253,202404281330,대전역,202404281530,포항역,30000,300,300
B0254,202404281400,대전역,202404281700,울산역,40000,300,300
B0255,202404281500,대전역,202404281800,부산역,40000,300,300
B0256,202404281200,포항역,202404281600,서울역,35000,300,300
B0257,202404281320,포항역,202404281620,수원역,35000,300,300
B0258,202404281400,포항역,202404281600,대전역,30000,250,250
B0259,202404281500,포항역,202404281600,울산역,20000,200,200
B0260,202404281625,포항역,202404281710,부산역,15000,150,150
B0261,202404281250,울산역,202404281650,서울역,40000,300,300
B0262,202404281300,울산역,202404281600,수원역,37000,300,300
B0263,202404281100,울산역,202404281400,대전역,32000,250,250
B0264,202404281000,울산역,202404281100,포항역,20000,200,200
B0265,202404281400,울산역,202404281700,부산역,20000,150,150
B0266,202404281300,부산역,202404281700,서울역,50000,350,350
B0267,202404281200,부산역,202404281500,수원역,40000,300,300
B0268,202404281100,부산역,202404281400,대전역,34000,250,250
B0269,202404281500,부산역,202404281600,포항역,20000,200,200
B0270,202404281700,부산역,202404281800,울산역,20000,150,150
B0271,202404291000,서울역,202404291200,수원역,20000,200,200
B0272,202404291130,서울역,202404291500,대전역,30000,220,220
B0273,202404291200,서울역,202404291600,포항역,35000,300,300
B0274,202404291330,서울역,202404291730,울산역,40000,300,300
B0275,202404291400,서울역,202404291800,부산역,40000,300,300
B0276,202404291020,수원역,202404291130,서울역,20000,100,100
B0277,202404291100,수원역,202404291300,대전역,25000,150,150
B0278,202404291200,수원역,202404291530,포항역,35000,250,250
B0279,202404291300,수원역,202404291700,울산역,40000,250,250
B0280,202404291400,수원역,202404291800,부산역,40000,300,300
B0281,202404291100,대전역,202404291300,서울역,30000,250,250
B0282,202404291200,대전역,202404291400,수원역,20000,250,250
B0283,202404291330,대전역,202404291530,포항역,30000,300,300
B0284,202404291400,대전역,202404291700,울산역,40000,300,300
B0285,202404291500,대전역,202404291800,부산역,40000,300,300
B0286,202404291200,포항역,202404291600,서울역,35000,300,300
B0287,202404291320,포항역,202404291620,수원역,35000,300,300
B0288,202404291400,포항역,202404291600,대전역,30000,250,250
B0289,202404291500,포항역,202404291600,울산역,20000,200,200
B0290,202404291625,포항역,202404291710,부산역,15000,150,150
B0291,202404291250,울산역,202404291650,서울역,40000,300,300
B0292,202404291300,울산역,202404291600,수원역,37000,300,300
B0293,202404291100,울산역,202404291400,대전역,32000,250,250
B0294,202404291000,울산역,202404291100,포항역,20000,200,200
B0295,202404291400,울산역,202404291700,부산역,20000,150,150
B0296,202404291300,부산역,202404291700,서울역,50000,350,350
B0297,202404291200,부산역,202404291500,수원역,40000,300,300
B0298,202404291100,부산역,202404291400,대전역,34000,250,250
B0299,202404291500,부산역,202404291600,포항역,20000,200,200
B0300,202404291700,부산역,202404291800,울산역,20000,150,150
B0301,202404301000,서울역,202404301200,수원역,20000,200,200
B0302,202404301130,서울역,202404301500,대전역,30000,220,220
B0303,202404301200,서울역,202404301600,포항역,35000,300,300
B0304,202404301330,서울역,202404301730,울산역,40000,300,300
B0305,202404301400,서울역,202404301800,부산역,40000,300,300
B0306,202404301020,수원역,202404301130,서울역,20000,100,100
B0307,202404301100,수원역,202404301300,대전역,25000,150,150
B0308,202404301200,수원역,202404301530,포항역,35000,250,250
B0309,202404301300,수원역,202404301700,울산역,40000,250,250
B0310,202404301400,수원역,202404301800,부산역,40000,300,300
B0311,202404301100,대전역,202404301300,서울역,30000,250,250
B0312,202404301200,대전역,202404301400,수원역,20000,250,250
B0313,202404301330,대전역,202404301530,포항역,30000,300,300
B0314,202404301400,대전역,202404301700,울산역,40000,300,300
B0315,202404301500,대전역,202404301800,부산역,40000,300,300
B0316,202404301200,포항역,202404301600,서울역,35000,300,300
B0317,202404301320,포항역,202404301620,수원역,35000,300,300
B0318,202404301400,포항역,202404301600,대전역,30000,250,250
B0319,202404301500,포항역,202404301600,울산역,20000,200,200
B0320,202404301625,포항역,202404301710,부산역,15000,150,150
B0321,202404301250,울산역,202404301650,서울역,40000,300,300
B0322,202404301300,울산역,202404301600,수원역,37000,300,300
B0323,202404301100,울산역,202404301400,대전역,32000,250,250
B0324,202404301000,울산역,202404301100,포항역,20000,200,200
B0325,202404301400,울산역,202404301700,부산역,20000,150,150
B0326,202404301300,부산역,202404301700,서울역,50000,350,350
B0327,202404301200,부산역,202404301500,수원역,40000,300,300
B0328,202404301100,부산역,202404301400,대전역,34000,250,250
B0329,202404301500,부산역,202404301600,포항역,20000,200,200
B0330,202404301700,부산역,202404301800,울산역,20000,150,150
B0331,202405011000,서울역,202405011200,수원역,20000,200,200
B0332,202405011130,서울역,202405011500,대전역,30000,220,220
B0333,202405011200,서울역,202405011600,포항역,35000,300,300
B0334,202405011330,서울역,202405011730,울산역,40000,300,300
B0335,202405011400,서울역,202405011800,부산역,40000,300,300
B0336,202405011020,수원역,202405011130,서울역,20000,100,100
B0337,202405011100,수원역,202405011300,대전역,25000,150,150
B0338,202405011200,수원역,202405011530,포항역,35000,250,250
B0339,202405011300,수원역,202405011700,울산역,40000,250,250
B0340,202405011400,수원역,202405011800,부산역,40000,300,300
B0341,202405011100,대전역,202405011300,서울역,30000,250,250
B0342,202405011200,대전역,202405011400,수원역,20000,250,250
B0343,202405011330,대전역,202405011530,포항역,30000,300,300
B0344,202405011400,대전역,202405011700,울산역,40000,300,300
B0345,202405011500,대전역,202405011800,부산역,40000,300,300
B0346,202405011200,포항역,202405011600,서울역,35000,300,300
B0347,202405011320,포항역,202405011620,수원역,35000,300,300
B0348,202405011400,포항역,202405011600,대전역,30000,250,250
B0349,202405011500,포항역,202405011600,울산역,20000,200,200
B0350,202405011625,포항역,202405011710,부산역,15000,150,150
B0351,202405011250,울산역,202405011650,서울역,40000,300,300
B0352,202405011300,울산역,202405011600,수원역,37000,300,300
B0353,202405011100,울산역,202405011400,대전역,32000,250,250
B0354,202405011000,울산역,202405011100,포항역,20000,200,200
B0355,202405011400,울산역,202405011700,부산역,20000,150,150
B0356,202405011300,부산역,202405011700,서울역,50000,350,350
B0357,202405011200,부산역,202405011500,수원역,40000,300,300
B0358,202405011100,부산역,202405011400,대전역,34000,250,250
B0359,202405011500,부산역,202405011600,포항역,20000,200,200
B0360,202405011700,부산역,202405011800,울산역,20000,150,150
B0361,202405021000,서울역,202405021200,수원역,20000,200,200
B0362,202405021130,서울역,202405021500,대전역,30000,220,220
B0363,202405021200,서울역,202405021600,포항역,35000,300,300
B0364,202405021330,서울역,202405021730,울산역,40000,300,300
B0365,202405021400,서울역,202405021800,부산역,40000,300,300
B0366,202405021020,수원역,202405021130,서울역,20000,100,100
B0367,202405021100,수원역,202405021300,대전역,25000,150,150
B0368,202405021200,수원역,202405021530,포항역,35000,250,250
B0369,202405021300,수원역,202405021700,울산역,40000,250,250
B0370,202405021400,수원역,202405021800,부산역,40000,300,300
B0371,202405021100,대전역,202405021300,서울역,30000,250,250
B0372,202405021200,대전역,202405021400,수원역,20000,250,250
B0373,202405021330,대전역,202405021530,포항역,30000,300,300
B0374,202405021400,대전역,202405021700,울산역,40000,300,300
B0375,202405021500,대전역,202405021800,부산역,40000,300,300
B0376,202405021200,포항역,202405021600,서울역,35000,300,300
B0377,202405021320,포항역,202405021620,수원역,35000,300,300
B0378,202405021400,포항역,202405021600,대전역,30000,250,250
B0379,202405021500,포항역,202405021600,울산역,20000,200,200
B0380,202405021625,포항역,202405021710,부산역,15000,150,150
B0381,202405021250,울산역,202405021650,서울역,40000,300,300
B0382,202405021300,울산역,202405021600,수원역,37000,300,300
B0383,202405021100,울산역,202405021400,대전역,32000,250,250
B0384,202405021000,울산역,202405021100,포항역,20000,200,200
B0385,202405021400,울산역,202405021700,부산역,20000,150,150
B0386,202405021300,부산역,202405021700,서울역,50000,350,350
B0387,202405021200,부산역,202405021500,수원역,40000,300,300
B0388,202405021100,부산역,202405021400,대전역,34000,250,250
B0389,202405021500,부산역,202405021600,포항역,20000,200,200
B0390,202405021700,부산역,202405021800,울산역,20000,150,150
B0391,202405031000,서울역,202405031200,수원역,20000,200,200
B0392,202405031130,서울역,202405031500,대전역,30000,220,220
B0393,202405031200,서울역,202405031600,포항역,35000,300,300
B0394,202405031330,서울역,202405031730,울산역,40000,300,300
B0395,202405031400,서울역,202405031800,부산역,40000,300,300
B0396,202405031020,수원역,202405031130,서울역,20000,100,100
B0397,202405031100,수원역,202405031300,대전역,25000,150,150
B0398,202405031200,수원역,202405031530,포항역,35000,250,250
B0399,202405031300,수원역,202405031700,울산역,40000,250,250
B0400,202405031400,수원역,202405031800,부산역,40000,300,300
B0401,202405031100,대전역,202405031300,서울역,30000,250,250
B0402,202405031200,대전역,202405031400,수원역,20000,250,250
B0403,202405031330,대전역,202405031530,포항역,30000,300,300
B0404,202405031400,대전역,202405031700,울산역,40000,300,300
B0405,202405031500,대전역,202405031800,부산역,40000,300,300
B0406,202405031200,포항역,202405031600,서울역,35000,300,300
B0407,202405031320,포항역,202405031620,수원역,35000,300,300
B0408,202405031400,포항역,202405031600,대전역,30000,250,250
B0409,202405031500,포항역,202405031600,울산역,20000,200,200
B0410,202405031625,포항역,202405031710,부산역,15000,150,150
B0411,202405031250,울산역,202405031650,서울역,40000,300,300
B0412,202405031300,울산역,202405031600,수원역,37000,300,300
B0413,202405031100,울산역,202405031400,대전역,32000,250,250
B0414,202405031000,울산역,202405031100,포항역,20000,200,200
B0415,202405031400,울산역,202405031700,부산역,20000,150,150
B0416,202405031300,부산역,202405031700,서울역,50000,350,350
B0417,202405031200,부산역,202405031500,수원역,40000,300,300
B0418,202405031100,부산역,202405031400,대전역,34000,250,250
B0419,202405031500,부산역,202405031600,포항역,20000,200,200
B0420,202405031700,부산역,202405031800,울산역,20000,150,150
B0421,202405041000,서울역,202405041200,수원역,20000,200,200
B0422,202405041130,서울역,202405041500,대전역,30000,220,220
B0423,202405041200,서울역,202405041600,포항역,35000,300,300
B0424,202405041330,서울역,202405041730,울산역,40000,300,300
B0425,202405041400,서울역,202405041800,부산역,40000,300,300
B0426,202405041020,수원역,202405041130,서울역,20000,100,100
B0427,202405041100,수원역,202405041300,대전역,25000,150,150
B0428,202405041200,수원역,202405041530,포항역,35000,250,250
B0429,202405041300,수원역,202405041700,울산역,40000,250,250
B0430,202405041400,수원역,202405041800,부산역,40000,300,300
B0431,202405041100,대전역,202405041300,서울역,30000,250,250
B0432,202405041200,대전역,202405041400,수원역,20000,250,250
B0433,202405041330,대전역,202405041530,포항역,30000,300,300
B0434,202405041400,대전역,202405041700,울산역,40000,300,300
B0435,202405041500,대전역,202405041800,부산역,40000,300,300
B0436,202405041200,포항역,202405041600,서울역,35000,300,300
B0437,202405041320,포항역,202405041620,수원역,35000,300,300
B0438,202405041400,포항역,202405041600,대전역,30000,250,250
B0439,202405041500,포항역,202405041600,울산역,20000,200,200
B0440,202405041625,포항역,202405041710,부산역,15000,150,150
B0441,202405041250,울산역,202405041650,서울역,40000,300,300
B0442,202405041300,울산역,202405041600,수원역,37000,300,300
B0443,202405041100,울산역,202405041400,대전역,32000,250,250
B0444,202405041000,울산역,202405041100,포항역,20000,200,200
B0445,202405041400,울산역,202405041700,부산역,20000,150,150
B0446,202405041300,부산역,202405041700,서울역,50000,350,350
B0447,202405041200,부산역,202405041500,수원역,40000,300,300
B0448,202405041100,부산역,202405041400,대전역,34000,250,250
B0449,202405041500,부산역,202405041600,포항역,20000,200,200
B0450,202405041700,부산역,202405041800,울산역,20000,150,150
C0001,202404051005,서울역,202404051205,수원역,20000,200,200
C0002,202404051135,서울역,202404051505,대전역,30000,220,220
C0003,202404051205,서울역,202404051605,포항역,35000,300,300
C0004,202404051335,서울역,202404051735,울산역,40000,300,300
C0005,202404051405,서울역,202404051805,부산역,40000,300,300
C0006,202404051025,수원역,202404051135,서울역,20000,100,100
C0007,202404051105,수원역,202404051305,대전역,25000,150,150
C0008,202404051205,수원역,202404051535,포항역,35000,250,250
C0009,202404051305,수원역,202404051705,울산역,40000,250,250
C0010,202404051405,수원역,202404051805,부산역,40000,300,300
C0011,202404051105,대전역,202404051305,서울역,30000,250,250
C0012,202404051205,대전역,202404051405,수원역,20000,250,250
C0013,202404051335,대전역,202404051535,포항역,30000,300,300
C0014,202404051405,대전역,202404051705,울산역,40000,300,300
C0015,202404051505,대전역,202404051805,부산역,40000,300,300
C0016,202404051205,포항역,202404051605,서울역,35000,300,300
C0017,202404051325,포항역,202404051625,수원역,35000,300,300
C0018,202404051405,포항역,202404051605,대전역,30000,250,250
C0019,202404051505,포항역,202404051605,울산역,20000,200,200
C0020,202404051630,포항역,202404051715,부산역,15000,150,150
C0021,202404051255,울산역,202404051655,서울역,40000,300,300
C0022,202404051305,울산역,202404051605,수원역,37000,300,300
C0023,202404051105,울산역,202404051405,대전역,32000,250,250
C0024,202404051005,울산역,202404051105,포항역,20000,200,200
C0025,202404051405,울산역,202404051705,부산역,20000,150,150
C0026,202404051305,부산역,202404051705,서울역,50000,350,350
C0027,202404051205,부산역,202404051505,수원역,40000,300,300
C0028,202404051105,부산역,202404051405,대전역,34000,250,250
C0029,202404051505,부산역,202404051605,포항역,20000,200,200
C0030,202404051705,부산역,202404051805,울산역,20000,150,150
C0031,202404061005,서울역,202404061205,수원역,20000,200,200
C0032,202404061135,서울역,202404061505,대전역,30000,220,220
C0033,202404061205,서울역,202404061605,포항역,35000,300,300
C0034,202404061335,서울역,202404061735,울산역,40000,300,300
C0035,202404061405,서울역,202404061805,부산역,40000,300,300
C0036,202404061025,수원역,202404061135,서울역,20000,100,100
C0037,202404061105,수원역,202404061305,대전역,25000,150,150
C0038,202404061205,수원역,202404061535,포항역,35000,250,250
C0039,202404061305,수원역,202404061705,울산역,40000,250,250
C0040,202404061405,수원역,202404061805,부산역,40000,300,300
C0041,202404061105,대전역,202404061305,서울역,30000,250,250
C0042,202404061205,대전역,202404061405,수원역,20000,250,250
C0043,202404061335,대전역,202404061535,포항역,30000,300,300
C0044,202404061405,대전역,202404061705,울산역,40000,300,300
C0045,202404061505,대전역,202404061805,부산역,40000,300,300
C0046,202404061205,포항역,202404061605,서울역,35000,300,300
C0047,202404061325,포항역,202404061625,수원역,35000,300,300
C0048,202404061405,포항역,202404061605,대전역,30000,250,250
C0049,202404061505,포항역,202404061605,울산역,20000,200,200
C0050,202404061630,포항역,202404061715,부산역,15000,150,150
C0051,202404061255,울산역,202404061655,서울역,40000,300,300
C0052,202404061305,울산역,202404061605,수원역,37000,300,300
C0053,202404061105,울산역,202404061405,대전역,32000,250,250
C0054,202404061005,울산역,202404061105,포항역,20000,200,200
C0055,202404061405,울산역,202404061705,부산역,20000,150,150
C0056,202404061305,부산역,202404061705,서울역,50000,350,350
C0057,202404061205,부산역,202404061505,수원역,40000,300,300
C0058,202404061105,부산역,202404061405,대전역,34000,250,250
C0059,202404061505,부산역,202404061605,포항역,20000,200,200
C0060,202404061705,부산역,202404061805,울산역,20000,150,150
C0061,202404071005,서울역,202404071205,수원역,20000,200,200
C0062,202404071135,서울역,202404071505,대전역,30000,220,220
C0063,202404071205,서울역,202404071605,포항역,35000,300,300
C0064,202404071335,서울역,202404071735,울산역,40000,300,300
C0065,202404071405,서울역,202404071805,부산역,40000,300,300
C0066,202404071025,수원역,202404071135,서울역,20000,100,100
C0067,202404071105,수원역,202404071305,대전역,25000,150,150
C0068,202404071205,수원역,202404071535,포항역,35000,250,250
C0069,202404071305,수원역,202404071705,울산역,40000,250,250
C0070,202404071405,수원역,202404071805,부산역,40000,300,300
C0071,202404071105,대전역,202404071305,서울역,30000,250,250
C0072,202404071205,대전역,202404071405,수원역,20000,250,250
C0073,202404071335,대전역,202404071535,포항역,30000,300,300
C0074,202404071405,대전역,202404071705,울산역,40000,300,300
C0075,202404071505,대전역,202404071805,부산역,40000,300,300
C0076,202404071205,포항역,202404071605,서울역,35000,300,300
C0077,202404071325,포항역,202404071625,수원역,35000,300,300
C0078,202404071405,포항역,202404071605,대전역,30000,250,250
C0079,202404071505,포항역,202404071605,울산역,20000,200,200
C0080,202404071630,포항역,202404071715,부산역,15000,150,150
C0081,202404071255,울산역,202404071655,서울역,40000,300,300
C0082,202404071305,울산역,202404071605,수원역,37000,300,300
C0083,202404071105,울산역,202404071405,대전역,32000,250,250
C0084,202404071005,울산역,202404071105,포항역,20000,200,200
C0085,202404071405,울산역,202404071705,부산역,20000,150,150
C0086,202404071305,부산역,202404071705,서울역,50000,350,350
C0087,202404071205,부산역,202404071505,수원역,40000,300,300
C0088,202404071105,부산역,202404071405,대전역,34000,250,250
C0089,202404071505,부산역,202404071605,포항역,20000,200,200
C0090,202404071705,부산역,202404071805,울산역,20000,150,150
C0091,202404081005,서울역,202404081205,수원역,20000,200,200
C0092,202404081135,서울역,202404081505,대전역,30000,220,220
C0093,202404081205,서울역,202404081605,포항역,35000,300,300
C0094,202404081335,서울역,202404081735,울산역,40000,300,300
C0095,202404081405,서울역,202404081805,부산역,40000,300,300
C0096,202404081025,수원역,202404081135,서울역,20000,100,100
C0097,202404081105,수원역,202404081305,대전역,25000,150,150
C0098,202404081205,수원역,202404081535,포항역,35000,250,250
C0099,202404081305,수원역,202404081705,울산역,40000,250,250
C0100,202404081405,수원역,202404081805,부산역,40000,300,300
C0101,202404081105,대전역,202404081305,서울역,30000,250,250
C0102,202404081205,대전역,202404081405,수원역,20000,250,250
C0103,202404081335,대전역,202404081535,포항역,30000,300,300
C0104,202404081405,대전역,202404081705,울산역,40000,300,300
C0105,202404081505,대전역,202404081805,부산역,40000,300,300
C0106,202404081205,포항역,202404081605,서울역,35000,300,300
C0107,202404081325,포항역,202404081625,수원역,35000,300,300
C0108,202404081405,포항역,202404081605,대전역,30000,250,250
C0109,202404081505,포항역,202404081605,울산역,20000,200,200
C0110,202404081630,포항역,202404081715,부산역,15000,150,150
C0111,202404081255,울산역,202404081655,서울역,40000,300,300
C0112,202404081305,울산역,202404081605,수원역,37000,300,300
C0113,202404081105,울산역,202404081405,대전역,32000,250,250
C0114,202404081005,울산역,202404081105,포항역,20000,200,200
C0115,202404081405,울산역,202404081705,부산역,20000,150,150
C0116,202404081305,부산역,202404081705,서울역,50000,350,350
C0117,202404081205,부산역,202404081505,수원역,40000,300,300
C0118,202404081105,부산역,202404081405,대전역,34000,250,250
C0119,202404081505,부산역,202404081605,포항역,20000,200,200
C0120,202404081705,부산역,202404081805,울산역,20000,150,150
C0121,202404091005,서울역,202404091205,수원역,20000,200,200
C0122,202404091135,서울역,202404091505,대전역,30000,220,220
C0123,202404091205,서울역,202404091605,포항역,35000,300,300
C0124,202404091335,서울역,202404091735,울산역,40000,300,300
C0125,202404091405,서울역,202404091805,부산역,40000,300,300
C0126,202404091025,수원역,202404091135,서울역,20000,100,100
C0127,202404091105,수원역,202404091305,대전역,25000,150,150
C0128,202404091205,수원역,202404091535,포항역,35000,250,250
C0129,202404091305,수원역,202404091705,울산역,40000,250,250
C0130,202404091405,수원역,202404091805,부산역,40000,300,300
C0131,202404091105,대전역,202404091305,서울역,30000,250,250
C0132,202404091205,대전역,202404091405,수원역,20000,250,250
C0133,202404091335,대전역,202404091535,포항역,30000,300,300
C0134,202404091405,대전역,202404091705,울산역,40000,300,300
C0135,202404091505,대전역,202404091805,부산역,40000,300,300
C0136,202404091205,포항역,202404091605,서울역,35000,300,300
C0137,202404091325,포항역,202404091625,수원역,35000,300,300
C0138,202404091405,포항역,202404091605,대전역,30000,250,250
C0139,202404091505,포항역,202404091605,울산역,20000,200,200
C0140,202404091630,포항역,202404091715,부산역,15000,150,150
C0141,202404091255,울산역,202404091655,서울역,40000,300,300
C0142,202404091305,울산역,202404091605,수원역,37000,300,300
C0143,202404091105,울산역,202404091405,대전역,32000,250,250
C0144,202404091005,울산역,202404091105,포항역,20000,200,200
C0145,202404091405,울산역,202404091705,부산역,20000,150,150
C0146,202404091305,부산역,202404091705,서울역,50000,350,350
C0147,202404091205,부산역,202404091505,수원역,40000,300,300
C0148,202404091105,부산역,202404091405,대전역,34000,250,250
C0149,202404091505,부산역,202404091605,포항역,20000,200,200
C0150,202404091705,부산역,202404091805,울산역,20000,150,150
C0151,202404101005,서울역,202404101205,수원역,20000,200,200
C0152,202404101135,서울역,202404101505,대전역,30000,220,220
C0153,202404101205,서울역,202404101605,포항역,35000,300,300
C0154,202404101335,서울역,202404101735,울산역,40000,300,300
C0155,202404101405,서울역,202404101805,부산역,40000,300,300
C0156,202404101025,수원역,202404101135,서울역,20000,100,100
C0157,202404101105,수원역,202404101305,대전역,25000,150,150
C0158,202404101205,수원역,202404101535,포항역,35000,250,250
C0159,202404101305,수원역,202404101705,울산역,40000,250,250
C0160,202404101405,수원역,202404101805,부산역,40000,300,300
C0161,202404101105,대전역,202404101305,서울역,30000,250,250
C0162,202404101205,대전역,202404101405,수원역,20000,250,250
C0163,202404101335,대전역,202404101535,포항역,30000,300,300
C0164,202404101405,대전역,202404101705,울산역,40000,300,300
C0165,202404101505,대전역,202404101805,부산역,40000,300,300
C0166,202404101205,포항역,202404101605,서울역,35000,300,300
C0167,202404101325,포항역,202404101625,수원역,35000,300,300
C0168,202404101405,포항역,202404101605,대전역,30000,250,250
C0169,202404101505,포항역,202404101605,울산역,20000,200,200
C0170,202404101630,포항역,202404101715,부산역,15000,150,150
C0171,202404101255,울산역,202404101655,서울역,40000,300,300
C0172,202404101305,울산역,202404101605,수원역,37000,300,300
C0173,202404101105,울산역,202404101405,대전역,32000,250,250
C0174,202404101005,울산역,202404101105,포항역,20000,200,200
C0175,202404101405,울산역,202404101705,부산역,20000,150,150
C0176,202404101305,부산역,202404101705,서울역,50000,350,350
C0177,202404101205,부산역,202404101505,수원역,40000,300,300
C0178,202404101105,부산역,202404101405,대전역,34000,250,250
C0179,202404101505,부산역,202404101605,포항역,20000,200,200
C0180,202404101705,부산역,202404101805,울산역,20000,150,150
C0181,202404111005,서울역,202404111205,수원역,20000,200,200
C0182,202404111135,서울역,202404111505,대전역,30000,220,220
C0183,202404111205,서울역,202404111605,포항역,35000,300,300
C0184,202404111335,서울역,202404111735,울산역,40000,300,300
C0185,202404111405,서울역,202404111805,부산역,40000,300,300
C0186,202404111025,수원역,202404111135,서울역,20000,100,100
C0187,202404111105,수원역,202404111305,대전역,25000,150,150
C0188,202404111205,수원역,202404111535,포항역,35000,250,250
C0189,202404111305,수원역,202404111705,울산역,40000,250,250
C0190,202404111405,수원역,202404111805,부산역,40000,300,300
C0191,202404111105,대전역,202404111305,서울역,30000,250,250
C0192,202404111205,대전역,202404111405,수원역,20000,250,250
C0193,202404111335,대전역,202404111535,포항역,30000,300,300
C0194,202404111405,대전역,202404111705,울산역,40000,300,300
C0195,202404111505,대전역,202404111805,부산역,40000,300,300
C0196,202404111205,포항역,202404111605,서울역,35000,300,300
C0197,202404111325,포항역,202404111625,수원역,35000,300,300
C0198,202404111405,포항역,202404111605,대전역,30000,250,250
C0199,202404111505,포항역,202404111605,울산역,20000,200,200
C0200,202404111630,포항역,202404111715,부산역,15000,150,150
C0201,202404111255,울산역,202404111655,서울역,40000,300,300
C0202,202404111305,울산역,202404111605,수원역,37000,300,300
C0203,202404111105,울산역,202404111405,대전역,32000,250,250
C0204,202404111005,울산역,202404111105,포항역,20000,200,200
C0205,202404111405,울산역,202404111705,부산역,20000,150,150
C0206,202404111305,부산역,202404111705,서울역,50000,350,350
C0207,202404111205,부산역,202404111505,수원역,40000,300,300
C0208,202404111105,부산역,202404111405,대전역,34000,250,250
C0209,202404111505,부산역,202404111605,포항역,20000,200,200
C0210,202404111705,부산역,202404111805,울산역,20000,150,150
C0211,202404121005,서울역,202404121205,수원역,20000,200,200
C0212,202404121135,서울역,202404121505,대전역,30000,220,220
C0213,202404121205,서울역,202404121605,포항역,35000,300,300
C0214,202404121335,서울역,202404121735,울산역,40000,300,300
C0215,202404121405,서울역,202404121805,부산역,40000,300,300
C0216,202404121025,수원역,202404121135,서울역,20000,100,100
C0217,202404121105,수원역,202404121305,대전역,25000,150,150
C0218,202404121205,수원역,202404121535,포항역,35000,250,250
C0219,202404121305,수원역,202404121705,울산역,40000,250,250
C0220,202404121405,수원역,202404121805,부산역,40000,300,300
C0221,202404121105,대전역,202404121305,서울역,30000,250,250
C0222,202404121205,대전역,202404121405,수원역,20000,250,250
C0223,202404121335,대전역,202404121535,포항역,30000,300,300
C0224,202404121405,대전역,202404121705,울산역,40000,300,300
C0225,202404121505,대전역,202404121805,부산역,40000,300,300
C0226,202404121205,포항역,202404121605,서울역,35000,300,300
C0227,202404121325,포항역,202404121625,수원역,35000,300,300
C0228,202404121405,포항역,202404121605,대전역,30000,250,250
C0229,202404121505,포항역,202404121605,울산역,20000,200,200
C0230,202404121630,포항역,202404121715,부산역,15000,150,150
C0231,202404121255,울산역,202404121655,서울역,40000,300,300
C0232,202404121305,울산역,202404121605,수원역,37000,300,300
C0233,202404121105,울산역,202404121405,대전역,32000,250,250
C0234,202404121005,울산역,202404121105,포항역,20000,200,200
C0235,202404121405,울산역,202404121705,부산역,20000,150,150
C0236,202404121305,부산역,202404121705,서울역,50000,350,350
C0237,202404121205,부산역,202404121505,수원역,40000,300,300
C0238,202404121105,부산역,202404121405,대전역,34000,250,250
C0239,202404121505,부산역,202404121605,포항역,20000,200,200
C0240,202404121705,부산역,202404121805,울산역,20000,150,150
C0241,202404131005,서울역,202404131205,수원역,20000,200,200
C0242,202404131135,서울역,202404131505,대전역,30000,220,220
C0243,202404131205,서울역,202404131605,포항역,35000,300,300
C0244,202404131335,서울역,202404131735,울산역,40000,300,300
C0245,202404131405,서울역,202404131805,부산역,40000,300,300
C0246,202404131025,수원역,202404131135,서울역,20000,100,100
C0247,202404131105,수원역,202404131305,대전역,25000,150,150
C0248,202404131205,수원역,202404131535,포항역,35000,250,250
C0249,202404131305,수원역,202404131705,울산역,40000,250,250
C0250,202404131405,수원역,202404131805,부산역,40000,300,300
C0251,202404131105,대전역,202404131305,서울역,30000,250,250
C0252,202404131205,대전역,202404131405,수원역,20000,250,250
C0253,202404131335,대전역,202404131535,포항역,30000,300,300
C0254,202404131405,대전역,202404131705,울산역,40000,300,300
C0255,202404131505,대전역,202404131805,부산역,40000,300,300
C0256,202404131205,포항역,202404131605,서울역,35000,300,300
C0257,202404131325,포항역,202404131625,수원역,35000,300,300
C0258,202404131405,포항역,202404131605,대전역,30000,250,250
C0259,202404131505,포항역,202404131605,울산역,20000,200,200
C0260,202404131630,포항역,202404131715,부산역,15000,150,150
C0261,202404131255,울산역,202404131655,서울역,40000,300,300
C0262,202404131305,울산역,202404131605,수원역,37000,300,300
C0263,202404131105,울산역,202404131405,대전역,32000,250,250
C0264,202404131005,울산역,202404131105,포항역,20000,200,200
C0265,202404131405,울산역,202404131705,부산역,20000,150,150
C0266,202404131305,부산역,202404131705,서울역,50000,350,350
C0267,202404131205,부산역,202404131505,수원역,40000,300,300
C0268,202404131105,부산역,202404131405,대전역,34000,250,250
C0269,202404131505,부산역,202404131605,포항역,20000,200,200
C0270,202404131705,부산역,202404131805,울산역,20000,150,150
C0271,202404141005,서울역,202404141205,수원역,20000,200,200
C0272,202404141135,서울역,202404141505,대전역,30000,220,220
C0273,202404141205,서울역,202404141605,포항역,35000,300,300
C0274,202404141335,서울역,202404141735,울산역,40000,300,300
C0275,202404141405,서울역,202404141805,부산역,40000,300,300
C0276,202404141025,수원역,202404141135,서울역,20000,100,100
C0277,202404141105,수원역,202404141305,대전역,25000,150,150
C0278,202404141205,수원역,202404141535,포항역,35000,250,250
C0279,202404141305,수원역,202404141705,울산역,40000,250,250
C0280,202404141405,수원역,202404141805,부산역,40000,300,300
C0281,202404141105,대전역,202404141305,서울역,30000,250,250
C0282,202404141205,대전역,202404141405,수원역,20000,250,250
C0283,202404141335,대전역,202404141535,포항역,30000,300,300
C0284,202404141405,대전역,202404141705,울산역,40000,300,300
C0285,202404141505,대전역,202404141805,부산역,40000,300,300
C0286,202404141205,포항역,202404141605,서울역,35000,300,300
C0287,202404141325,포항역,202404141625,수원역,35000,300,300
C0288,202404141405,포항역,202404141605,대전역,30000,250,250
C0289,202404141505,포항역,202404141605,울산역,20000,200,200
C0290,202404141630,포항역,202404141715,부산역,15000,150,150
C0291,202404141255,울산역,202404141655,서울역,40000,300,300
C0292,202404141305,울산역,202404141605,수원역,37000,300,300
C0293,202404141105,울산역,202404141405,대전역,32000,250,250
C0294,202404141005,울산역,202404141105,포항역,20000,200,200
C0295,202404141405,울산역,202404141705,부산역,20000,150,150
C0296,202404141305,부산역,202404141705,서울역,50000,350,350
C0297,202404141205,부산역,202404141505,수원역,40000,300,300
C0298,202404141105,부산역,202404141405,대전역,34000,250,250
C0299,202404141505,부산역,202404141605,포항역,20000,200,200
C0300,202404141705,부산역,202404141805,울산역,20000,150,150
C0301,202404151005,서울역,202404151205,수원역,20000,200,200
C0302,202404151135,서울역,202404151505,대전역,30000,220,220
C0303,202404151205,서울역,202404151605,포항역,35000,300,300
C0304,202404151335,서울역,202404151735,울산역,40000,300,300
C0305,202404151405,서울역,202404151805,부산역,40000,300,300
C0306,202404151025,수원역,202404151135,서울역,20000,100,100
C0307,202404151105,수원역,202404151305,대전역,25000,150,150
C0308,202404151205,수원역,202404151535,포항역,35000,250,250
C0309,202404151305,수원역,202404151705,울산역,40000,250,250
C0310,202404151405,수원역,202404151805,부산역,40000,300,300
C0311,202404151105,대전역,202404151305,서울역,30000,250,250
C0312,202404151205,대전역,202404151405,수원역,20000,250,250
C0313,202404151335,대전역,202404151535,포항역,30000,300,300
C0314,202404151405,대전역,202404151705,울산역,40000,300,300
C0315,202404151505,대전역,202404151805,부산역,40000,300,300
C0316,202404151205,포항역,202404151605,서울역,35000,300,300
C0317,202404151325,포항역,202404151625,수원역,35000,300,300
C0318,202404151405,포항역,202404151605,대전역,30000,250,250
C0319,202404151505,포항역,202404151605,울산역,20000,200,200
C0320,202404151630,포항역,202404151715,부산역,15000,150,150
C0321,202404151255,울산역,202404151655,서울역,40000,300,300
C0322,202404151305,울산역,202404151605,수원역,37000,300,300
C0323,202404151105,울산역,202404151405,대전역,32000,250,250
C0324,202404151005,울산역,202404151105,포항역,20000,200,200
C0325,202404151405,울산역,202404151705,부산역,20000,150,150
C0326,202404151305,부산역,202404151705,서울역,50000,350,350
C0327,202404151205,부산역,202404151505,수원역,40000,300,300
C0328,202404151105,부산역,202404151405,대전역,34000,250,250
C0329,202404151505,부산역,202404151605,포항역,20000,200,200
C0330,202404151705,부산역,202404151805,울산역,20000,150,150
C0331,202404161005,서울역,202404161205,수원역,20000,200,200
C0332,202404161135,서울역,202404161505,대전역,30000,220,220
C0333,202404161205,서울역,202404161605,포항역,35000,300,300
C0334,202404161335,서울역,202404161735,울산역,40000,300,300
C0335,202404161405,서울역,202404161805,부산역,40000,300,300
C0336,202404161025,수원역,202404161135,서울역,20000,100,100
C0337,202404161105,수원역,202404161305,대전역,25000,150,150
C0338,202404161205,수원역,202404161535,포항역,35000,250,250
C0339,202404161305,수원역,202404161705,울산역,40000,250,250
C0340,202404161405,수원역,202404161805,부산역,40000,300,300
C0341,202404161105,대전역,202404161305,서울역,30000,250,250
C0342,202404161205,대전역,202404161405,수원역,20000,250,250
C0343,202404161335,대전역,202404161535,포항역,30000,300,300
C0344,202404161405,대전역,202404161705,울산역,40000,300,300
C0345,202404161505,대전역,202404161805,부산역,40000,300,300
C0346,202404161205,포항역,202404161605,서울역,35000,300,300
C0347,202404161325,포항역,202404161625,수원역,35000,300,300
C0348,202404161405,포항역,202404161605,대전역,30000,250,250
C0349,202404161505,포항역,202404161605,울산역,20000,200,200
C0350,202404161630,포항역,202404161715,부산역,15000,150,150
C0351,202404161255,울산역,202404161655,서울역,40000,300,300
C0352,202404161305,울산역,202404161605,수원역,37000,300,300
C0353,202404161105,울산역,202404161405,대전역,32000,250,250
C0354,202404161005,울산역,202404161105,포항역,20000,200,200
C0355,202404161405,울산역,202404161705,부산역,20000,150,150
C0356,202404161305,부산역,202404161705,서울역,50000,350,350
C0357,202404161205,부산역,202404161505,수원역,40000,300,300
C0358,202404161105,부산역,202404161405,대전역,34000,250,250
C0359,202404161505,부산역,202404161605,포항역,20000,200,200
C0360,202404161705,부산역,202404161805,울산역,20000,150,150
C0361,202404171005,서울역,202404171205,수원역,20000,200,200
C0362,202404171135,서울역,202404171505,대전역,30000,220,220
C0363,202404171205,서울역,202404171605,포항역,35000,300,300
C0364,202404171335,서울역,202404171735,울산역,40000,300,300
C0365,202404171405,서울역,202404171805,부산역,40000,300,300
C0366,202404171025,수원역,202404171135,서울역,20000,100,100
C0367,202404171105,수원역,202404171305,대전역,25000,150,150
C0368,202404171205,수원역,202404171535,포항역,35000,250,250
C0369,202404171305,수원역,202404171705,울산역,40000,250,250
C0370,202404171405,수원역,202404171805,부산역,40000,300,300
C0371,202404171105,대전역,202404171305,서울역,30000,250,250
C0372,202404171205,대전역,202404171405,수원역,20000,250,250
C0373,202404171335,대전역,202404171535,포항역,30000,300,300
C0374,202404171405,대전역,202404171705,울산역,40000,300,300
C0375,202404171505,대전역,202404171805,부산역,40000,300,300
C0376,202404171205,포항역,202404171605,서울역,35000,300,300
C0377,202404171325,포항역,202404171625,수원역,35000,300,300
C0378,202404171405,포항역,202404171605,대전역,30000,250,250
C0379,202404171505,포항역,202404171605,울산역,20000,200,200
C0380,202404171630,포항역,202404171715,부산역,15000,150,150
C0381,202404171255,울산역,202404171655,서울역,40000,300,300
C0382,202404171305,울산역,202404171605,수원역,37000,300,300
C0383,202404171105,울산역,202404171405,대전역,32000,250,250
C0384,202404171005,울산역,202404171105,포항역,20000,200,200
C0385,202404171405,울산역,202404171705,부산역,20000,150,150
C0386,202404171305,부산역,202404171705,서울역,50000,350,350
C0387,202404171205,부산역,202404171505,수원역,40000,300,300
C0388,202404171105,부산역,202404171405,대전역,34000,250,250
C0389,202404171505,부산역,202404171605,포항역,20000,200,200
C0390,202404171705,부산역,202404171805,울산역,20000,150,150
C0391,202404181005,서울역,202404181205,수원역,20000,200,200
C0392,202404181135,서울역,202404181505,대전역,30000,220,220
C0393,202404181205,서울역,202404181605,포항역,35000,300,300
C0394,202404181335,서울역,202404181735,울산역,40000,300,300
C0395,202404181405,서울역,202404181805,부산역,40000,300,300
C0396,202404181025,수원역,202404181135,서울역,20000,100,100
C0397,202404181105,수원역,202404181305,대전역,25000,150,150
C0398,202404181205,수원역,202404181535,포항역,35000,250,250
C0399,202404181305,수원역,202404181705,울산역,40000,250,250
C0400,202404181405,수원역,202404181805,부산역,40000,300,300
C0401,202404181105,대전역,202404181305,서울역,30000,250,250
C0402,202404181205,대전역,202404181405,수원역,20000,250,250
C0403,202404181335,대전역,202404181535,포항역,30000,300,300
C0404,202404181405,대전역,202404181705,울산역,40000,300,300
C0405,202404181505,대전역,202404181805,부산역,40000,300,300
C0406,202404181205,포항역,202404181605,서울역,35000,300,300
C0407,202404181325,포항역,202404181625,수원역,35000,300,300
C0408,202404181405,포항역,202404181605,대전역,30000,250,250
C0409,202404181505,포항역,202404181605,울산역,20000,200,200
C0410,202404181630,포항역,202404181715,부산역,15000,150,150
C0411,202404181255,울산역,202404181655,서울역,40000,300,300
C0412,202404181305,울산역,202404181605,수원역,37000,300,300
C0413,202404181105,울산역,202404181405,대전역,32000,250,250
C0414,202404181005,울산역,202404181105,포항역,20000,200,200
C0415,202404181405,울산역,202404181705,부산역,20000,150,150
C0416,202404181305,부산역,202404181705,서울역,50000,350,350
C0417,202404181205,부산역,202404181505,수원역,40000,300,300
C0418,202404181105,부산역,202404181405,대전역,34000,250,250
C0419,202404181505,부산역,202404181605,포항역,20000,200,200
C0420,202404181705,부산역,202404181805,울산역,20000,150,150
C0421,202404191005,서울역,202404191205,수원역,20000,200,200
C0422,202404191135,서울역,202404191505,대전역,30000,220,220
C0423,202404191205,서울역,202404191605,포항역,35000,300,300
C0424,202404191335,서울역,202404191735,울산역,40000,300,300
C0425,202404191405,서울역,202404191805,부산역,40000,300,300
C0426,202404191025,수원역,202404191135,서울역,20000,100,100
C0427,202404191105,수원역,202404191305,대전역,25000,150,150
C0428,202404191205,수원역,202404191535,포항역,35000,250,250
C0429,202404191305,수원역,202404191705,울산역,40000,250,250
C0430,202404191405,수원역,202404191805,부산역,40000,300,300
C0431,202404191105,대전역,202404191305,서울역,30000,250,250
C0432,202404191205,대전역,202404191405,수원역,20000,250,250
C0433,202404191335,대전역,202404191535,포항역,30000,300,300
C0434,202404191405,대전역,202404191705,울산역,40000,300,300
C0435,202404191505,대전역,202404191805,부산역,40000,300,300
C0436,202404191205,포항역,202404191605,서울역,35000,300,300
C0437,202404191325,포항역,202404191625,수원역,35000,300,300
C0438,202404191405,포항역,202404191605,대전역,30000,250,250
C0439,202404191505,포항역,202404191605,울산역,20000,200,200
C0440,202404191630,포항역,202404191715,부산역,15000,150,150
C0441,202404191255,울산역,202404191655,서울역,40000,300,300
C0442,202404191305,울산역,202404191605,수원역,37000,300,300
C0443,202404191105,울산역,202404191405,대전역,32000,250,250
C0444,202404191005,울산역,202404191105,포항역,20000,200,200
C0445,202404191405,울산역,202404191705,부산역,20000,150,150
C0446,202404191305,부산역,202404191705,서울역,50000,350,350
C0447,202404191205,부산역,202404191505,수원역,40000,300,300
C0448,202404191105,부산역,202404191405,대전역,34000,250,250
C0449,202404191505,부산역,202404191605,포항역,20000,200,200
C0450,202404191705,부산역,202404191805,울산역,20000,150,150
D0001,202404201005,서울역,202404201205,수원역,20000,200,200
D0002,202404201135,서울역,202404201505,대전역,30000,220,220
D0003,202404201205,서울역,202404201605,포항역,35000,300,300
D0004,202404201335,서울역,202404201735,울산역,40000,300,300
D0005,202404201405,서울역,202404201805,부산역,40000,300,300
D0006,202404201025,수원역,202404201135,서울역,20000,100,100
D0007,202404201105,수원역,202404201305,대전역,25000,150,150
D0008,202404201205,수원역,202404201535,포항역,35000,250,250
D0009,202404201305,수원역,202404201705,울산역,40000,250,250
D0010,202404201405,수원역,202404201805,부산역,40000,300,300
D0011,202404201105,대전역,202404201305,서울역,30000,250,250
D0012,202404201205,대전역,202404201405,수원역,20000,250,250
D0013,202404201335,대전역,202404201535,포항역,30000,300,300
D0014,202404201405,대전역,202404201705,울산역,40000,300,300
D0015,202404201505,대전역,202404201805,부산역,40000,300,300
D0016,202404201205,포항역,202404201605,서울역,35000,300,300
D0017,202404201325,포항역,202404201625,수원역,35000,300,300
D0018,202404201405,포항역,202404201605,대전역,30000,250,250
D0019,202404201505,포항역,202404201605,울산역,20000,200,200
D0020,202404201630,포항역,202404201715,부산역,15000,150,150
D0021,202404201255,울산역,202404201655,서울역,40000,300,300
D0022,202404201305,울산역,202404201605,수원역,37000,300,300
D0023,202404201105,울산역,202404201405,대전역,32000,250,250
D0024,202404201005,울산역,202404201105,포항역,20000,200,200
D0025,202404201405,울산역,202404201705,부산역,20000,150,150
D0026,202404201305,부산역,202404201705,서울역,50000,350,350
D0027,202404201205,부산역,202404201505,수원역,40000,300,300
D0028,202404201105,부산역,202404201405,대전역,34000,250,250
D0029,202404201505,부산역,202404201605,포항역,20000,200,200
D0030,202404201705,부산역,202404201805,울산역,20000,150,150
D0031,202404211005,서울역,202404211205,수원역,20000,200,200
D0032,202404211135,서울역,202404211505,대전역,30000,220,220
D0033,202404211205,서울역,202404211605,포항역,35000,300,300
D0034,202404211335,서울역,202404211735,울산역,40000,300,300
D0035,202404211405,서울역,202404211805,부산역,40000,300,300
D0036,202404211025,수원역,202404211135,서울역,20000,100,100
D0037,202404211105,수원역,202404211305,대전역,25000,150,150
D0038,202404211205,수원역,202404211535,포항역,35000,250,250
D0039,202404211305,수원역,202404211705,울산역,40000,250,250
D0040,202404211405,수원역,202404211805,부산역,40000,300,300
D0041,202404211105,대전역,202404211305,서울역,30000,250,250
D0042,202404211205,대전역,202404211405,수원역,20000,250,250
D0043,202404211335,대전역,202404211535,포항역,30000,300,300
D0044,202404211405,대전역,202404211705,울산역,40000,300,300
D0045,202404211505,대전역,202404211805,부산역,40000,300,300
D0046,202404211205,포항역,202404211605,서울역,35000,300,300
D0047,202404211325,포항역,202404211625,수원역,35000,300,300
D0048,202404211405,포항역,202404211605,대전역,30000,250,250
D0049,202404211505,포항역,202404211605,울산역,20000,200,200
D0050,202404211630,포항역,202404211715,부산역,15000,150,150
D0051,202404211255,울산역,202404211655,서울역,40000,300,300
D0052,202404211305,울산역,202404211605,수원역,37000,300,300
D0053,202404211105,울산역,202404211405,대전역,32000,250,250
D0054,202404211005,울산역,202404211105,포항역,20000,200,200
D0055,202404211405,울산역,202404211705,부산역,20000,150,150
D0056,202404211305,부산역,202404211705,서울역,50000,350,350
D0057,202404211205,부산역,202404211505,수원역,40000,300,300
D0058,202404211105,부산역,202404211405,대전역,34000,250,250
D0059,202404211505,부산역,202404211605,포항역,20000,200,200
D0060,202404211705,부산역,202404211805,울산역,20000,150,150
D0061,202404221005,서울역,202404221205,수원역,20000,200,200
D0062,202404221135,서울역,202404221505,대전역,30000,220,220
D0063,202404221205,서울역,202404221605,포항역,35000,300,300
D0064,202404221335,서울역,202404221735,울산역,40000,300,300
D0065,202404221405,서울역,202404221805,부산역,40000,300,300
D0066,202404221025,수원역,202404221135,서울역,20000,100,100
D0067,202404221105,수원역,202404221305,대전역,25000,150,150
D0068,202404221205,수원역,202404221535,포항역,35000,250,250
D0069,202404221305,수원역,202404221705,울산역,40000,250,250
D0070,202404221405,수원역,202404221805,부산역,40000,300,300
D0071,202404221105,대전역,202404221305,서울역,30000,250,250
D0072,202404221205,대전역,202404221405,수원역,20000,250,250
D0073,202404221335,대전역,202404221535,포항역,30000,300,300
D0074,202404221405,대전역,202404221705,울산역,40000,300,300
D0075,202404221505,대전역,202404221805,부산역,40000,300,300
D0076,202404221205,포항역,202404221605,서울역,35000,300,300
D0077,202404221325,포항역,202404221625,수원역,35000,300,300
D0078,202404221405,포항역,202404221605,대전역,30000,250,250
D0079,202404221505,포항역,202404221605,울산역,20000,200,200
D0080,202404221630,포항역,202404221715,부산역,15000,150,150
D0081,202404221255,울산역,202404221655,서울역,40000,300,300
D0082,202404221305,울산역,202404221605,수원역,37000,300,300
D0083,202404221105,울산역,202404221405,대전역,32000,250,250
D0084,202404221005,울산역,202404221105,포항역,20000,200,200
D0085,202404221405,울산역,202404221705,부산역,20000,150,150
D0086,202404221305,부산역,202404221705,서울역,50000,350,350
D0087,202404221205,부산역,202404221505,수원역,40000,300,300
D0088,202404221105,부산역,202404221405,대전역,34000,250,250
D0089,202404221505,부산역,202404221605,포항역,20000,200,200
D0090,202404221705,부산역,202404221805,울산역,20000,150,150
D0091,202404231005,서울역,202404231205,수원역,20000,200,200
D0092,202404231135,서울역,202404231505,대전역,30000,220,220
D0093,202404231205,서울역,202404231605,포항역,35000,300,300
D0094,202404231335,서울역,202404231735,울산역,40000,300,300
D0095,202404231405,서울역,202404231805,부산역,40000,300,300
D0096,202404231025,수원역,202404231135,서울역,20000,100,100
D0097,202404231105,수원역,202404231305,대전역,25000,150,150
D0098,202404231205,수원역,202404231535,포항역,35000,250,250
D0099,202404231305,수원역,202404231705,울산역,40000,250,250
D0100,202404231405,수원역,202404231805,부산역,40000,300,300
D0101,202404231105,대전역,202404231305,서울역,30000,250,250
D0102,202404231205,대전역,202404231405,수원역,20000,250,250
D0103,202404231335,대전역,202404231535,포항역,30000,300,300
D0104,202404231405,대전역,202404231705,울산역,40000,300,300
D0105,202404231505,대전역,202404231805,부산역,40000,300,300
D0106,202404231205,포항역,202404231605,서울역,35000,300,300
D0107,202404231325,포항역,202404231625,수원역,35000,300,300
D0108,202404231405,포항역,202404231605,대전역,30000,250,250
D0109,202404231505,포항역,202404231605,울산역,20000,200,200
D0110,202404231630,포항역,202404231715,부산역,15000,150,150
D0111,202404231255,울산역,202404231655,서울역,40000,300,300
D0112,202404231305,울산역,202404231605,수원역,37000,300,300
D0113,202404231105,울산역,202404231405,대전역,32000,250,250
D0114,202404231005,울산역,202404231105,포항역,20000,200,200
D0115,202404231405,울산역,202404231705,부산역,20000,150,150
D0116,202404231305,부산역,202404231705,서울역,50000,350,350
D0117,202404231205,부산역,202404231505,수원역,40000,300,300
D0118,202404231105,부산역,202404231405,대전역,34000,250,250
D0119,202404231505,부산역,202404231605,포항역,20000,200,200
D0120,202404231705,부산역,202404231805,울산역,20000,150,150
D0121,202404241005,서울역,202404241205,수원역,20000,200,200
D0122,202404241135,서울역,202404241505,대전역,30000,220,220
D0123,202404241205,서울역,202404241605,포항역,35000,300,300
D0124,202404241335,서울역,202404241735,울산역,40000,300,300
D0125,202404241405,서울역,202404241805,부산역,40000,300,300
D0126,202404241025,수원역,202404241135,서울역,20000,100,100
D0127,202404241105,수원역,202404241305,대전역,25000,150,150
D0128,202404241205,수원역,202404241535,포항역,35000,250,250
D0129,202404241305,수원역,202404241705,울산역,40000,250,250
D0130,202404241405,수원역,202404241805,부산역,40000,300,300
D0131,202404241105,대전역,202404241305,서울역,30000,250,250
D0132,202404241205,대전역,202404241405,수원역,20000,250,250
D0133,202404241335,대전역,202404241535,포항역,30000,300,300
D0134,202404241405,대전역,202404241705,울산역,40000,300,300
D0135,202404241505,대전역,202404241805,부산역,40000,300,300
D0136,202404241205,포항역,202404241605,서울역,35000,300,300
D0137,202404241325,포항역,202404241625,수원역,35000,300,300
D0138,202404241405,포항역,202404241605,대전역,30000,250,250
D0139,202404241505,포항역,202404241605,울산역,20000,200,200
D0140,202404241630,포항역,202404241715,부산역,15000,150,150
D0141,202404241255,울산역,202404241655,서울역,40000,300,300
D0142,202404241305,울산역,202404241605,수원역,37000,300,300
D0143,202404241105,울산역,202404241405,대전역,32000,250,250
D0144,202404241005,울산역,202404241105,포항역,20000,200,200
D0145,202404241405,울산역,202404241705,부산역,20000,150,150
D0146,202404241305,부산역,202404241705,서울역,50000,350,350
D0147,202404241205,부산역,202404241505,수원역,40000,300,300
D0148,202404241105,부산역,202404241405,대전역,34000,250,250
D0149,202404241505,부산역,202404241605,포항역,20000,200,200
D0150,202404241705,부산역,202404241805,울산역,20000,150,150
D0151,202404251005,서울역,202404251205,수원역,20000,200,200
D0152,202404251135,서울역,202404251505,대전역,30000,220,220
D0153,202404251205,서울역,202404251605,포항역,35000,300,300
D0154,202404251335,서울역,202404251735,울산역,40000,300,300
D0155,202404251405,서울역,202404251805,부산역,40000,300,300
D0156,202404251025,수원역,202404251135,서울역,20000,100,100
D0157,202404251105,수원역,202404251305,대전역,25000,150,150
D0158,202404251205,수원역,202404251535,포항역,35000,250,250
D0159,202404251305,수원역,202404251705,울산역,40000,250,250
D0160,202404251405,수원역,202404251805,부산역,40000,300,300
D0161,202404251105,대전역,202404251305,서울역,30000,250,250
D0162,202404251205,대전역,202404251405,수원역,20000,250,250
D0163,202404251335,대전역,202404251535,포항역,30000,300,300
D0164,202404251405,대전역,202404251705,울산역,40000,300,300
D0165,202404251505,대전역,202404251805,부산역,40000,300,300
D0166,202404251205,포항역,202404251605,서울역,35000,300,300
D0167,202404251325,포항역,202404251625,수원역,35000,300,300
D0168,202404251405,포항역,202404251605,대전역,30000,250,250
D0169,202404251505,포항역,202404251605,울산역,20000,200,200
D0170,202404251630,포항역,202404251715,부산역,15000,150,150
D0171,202404251255,울산역,202404251655,서울역,40000,300,300
D0172,202404251305,울산역,202404251605,수원역,37000,300,300
D0173,202404251105,울산역,202404251405,대전역,32000,250,250
D0174,202404251005,울산역,202404251105,포항역,20000,200,200
D0175,202404251405,울산역,202404251705,부산역,20000,150,150
D0176,202404251305,부산역,202404251705,서울역,50000,350,350
D0177,202404251205,부산역,202404251505,수원역,40000,300,300
D0178,202404251105,부산역,202404251405,대전역,34000,250,250
D0179,202404251505,부산역,202404251605,포항역,20000,200,200
D0180,202404251705,부산역,202404251805,울산역,20000,150,150
D0181,202404261005,서울역,202404261205,수원역,20000,200,200
D0182,202404261135,서울역,202404261505,대전역,30000,220,220
D0183,202404261205,서울역,202404261605,포항역,35000,300,300
D0184,202404261335,서울역,202404261735,울산역,40000,300,300
D0185,202404261405,서울역,202404261805,부산역,40000,300,300
D0186,202404261025,수원역,202404261135,서울역,20000,100,100
D0187,202404261105,수원역,202404261305,대전역,25000,150,150
D0188,202404261205,수원역,202404261535,포항역,35000,250,250
D0189,202404261305,수원역,202404261705,울산역,40000,250,250
D0190,202404261405,수원역,202404261805,부산역,40000,300,300
D0191,202404261105,대전역,202404261305,서울역,30000,250,250
D0192,202404261205,대전역,202404261405,수원역,20000,250,250
D0193,202404261335,대전역,202404261535,포항역,30000,300,300
D0194,202404261405,대전역,202404261705,울산역,40000,300,300
D0195,202404261505,대전역,202404261805,부산역,40000,300,300
D0196,202404261205,포항역,202404261605,서울역,35000,300,300
D0197,202404261325,포항역,202404261625,수원역,35000,300,300
D0198,202404261405,포항역,202404261605,대전역,30000,250,250
D0199,202404261505,포항역,202404261605,울산역,20000,200,200
D0200,202404261630,포항역,202404261715,부산역,15000,150,150
D0201,202404261255,울산역,202404261655,서울역,40000,300,300
D0202,202404261305,울산역,202404261605,수원역,37000,300,300
D0203,202404261105,울산역,202404261405,대전역,32000,250,250
D0204,202404261005,울산역,202404261105,포항역,20000,200,200
D0205,202404261405,울산역,202404261705,부산역,20000,150,150
D0206,202404261305,부산역,202404261705,서울역,50000,350,350
D0207,202404261205,부산역,202404261505,수원역,40000,300,300
D0208,202404261105,부산역,202404261405,대전역,34000,250,250
D0209,202404261505,부산역,202404261605,포항역,20000,200,200
D0210,202404261705,부산역,202404261805,울산역,20000,150,150
D0211,202404271005,서울역,202404271205,수원역,20000,200,200
D0212,202404271135,서울역,202404271505,대전역,30000,220,220
D0213,202404271205,서울역,202404271605,포항역,35000,300,300
D0214,202404271335,서울역,202404271735,울산역,40000,300,300
D0215,202404271405,서울역,202404271805,부산역,40000,300,300
D0216,202404271025,수원역,202404271135,서울역,20000,100,100
D0217,202404271105,수원역,202404271305,대전역,25000,150,150
D0218,202404271205,수원역,202404271535,포항역,35000,250,250
D0219,202404271305,수원역,202404271705,울산역,40000,250,250
D0220,202404271405,수원역,202404271805,부산역,40000,300,300
D0221,202404271105,대전역,202404271305,서울역,30000,250,250
D0222,202404271205,대전역,202404271405,수원역,20000,250,250
D0223,202404271335,대전역,202404271535,포항역,30000,300,300
D0224,202404271405,대전역,202404271705,울산역,40000,300,300
D0225,202404271505,대전역,202404271805,부산역,40000,300,300
D0226,202404271205,포항역,202404271605,서울역,35000,300,300
D0227,202404271325,포항역,202404271625,수원역,35000,300,300
D0228,202404271405,포항역,202404271605,대전역,30000,250,250
D0229,202404271505,포항역,202404271605,울산역,20000,200,200
D0230,202404271630,포항역,202404271715,부산역,15000,150,150
D0231,202404271255,울산역,202404271655,서울역,40000,300,300
D0232,202404271305,울산역,202404271605,수원역,37000,300,300
D0233,202404271105,울산역,202404271405,대전역,32000,250,250
D0234,202404271005,울산역,202404271105,포항역,20000,200,200
D0235,202404271405,울산역,202404271705,부산역,20000,150,150
D0236,202404271305,부산역,202404271705,서울역,50000,350,350
D0237,202404271205,부산역,202404271505,수원역,40000,300,300
D0238,202404271105,부산역,202404271405,대전역,34000,250,250
D0239,202404271505,부산역,202404271605,포항역,20000,200,200
D0240,202404271705,부산역,202404271805,울산역,20000,150,150
D0241,202404281005,서울역,202404281205,수원역,20000,200,200
D0242,202404281135,서울역,202404281505,대전역,30000,220,220
D0243,202404281205,서울역,202404281605,포항역,35000,300,300
D0244,202404281335,서울역,202404281735,울산역,40000,300,300
D0245,202404281405,서울역,202404281805,부산역,40000,300,300
D0246,202404281025,수원역,202404281135,서울역,20000,100,100
D0247,202404281105,수원역,202404281305,대전역,25000,150,150
D0248,202404281205,수원역,202404281535,포항역,35000,250,250
D0249,202404281305,수원역,202404281705,울산역,40000,250,250
D0250,202404281405,수원역,202404281805,부산역,40000,300,300
D0251,202404281105,대전역,202404281305,서울역,30000,250,250
D0252,202404281205,대전역,202404281405,수원역,20000,250,250
D0253,202404281335,대전역,202404281535,포항역,30000,300,300
D0254,202404281405,대전역,202404281705,울산역,40000,300,300
D0255,202404281505,대전역,202404281805,부산역,40000,300,300
D0256,202404281205,포항역,202404281605,서울역,35000,300,300
D0257,202404281325,포항역,202404281625,수원역,35000,300,300
D0258,202404281405,포항역,202404281605,대전역,30000,250,250
D0259,202404281505,포항역,202404281605,울산역,20000,200,200
D0260,202404281630,포항역,202404281715,부산역,15000,150,150
D0261,202404281255,울산역,202404281655,서울역,40000,300,300
D0262,202404281305,울산역,202404281605,수원역,37000,300,300
D0263,202404281105,울산역,202404281405,대전역,32000,250,250
D0264,202404281005,울산역,202404281105,포항역,20000,200,200
D0265,202404281405,울산역,202404281705,부산역,20000,150,150
D0266,202404281305,부산역,202404281705,서울역,50000,350,350
D0267,202404281205,부산역,202404281505,수원역,40000,300,300
D0268,202404281105,부산역,202404281405,대전역,34000,250,250
D0269,202404281505,부산역,202404281605,포항역,20000,200,200
D0270,202404281705,부산역,202404281805,울산역,20000,150,150
D0272,202404291135,서울역,202404291505,대전역,30000,220,220
D0273,202404291205,서울역,202404291605,포항역,35000,300,300
D0275,202404291405,서울역,202404291805,부산역,40000,300,300
D0276,202404291025,수원역,202404291135,서울역,20000,100,100
D0277,202404291105,수원역,202404291305,대전역,25000,150,150
D0279,202404291305,수원역,202404291705,울산역,40000,250,250
D0280,202404291405,수원역,202404291805,부산역,40000,300,300
D0281,202404291105,대전역,202404291305,서울역,30000,250,250
D0282,202404291205,대전역,202404291405,수원역,20000,250,250
D0284,202404291405,대전역,202404291705,울산역,40000,300,300
D0287,202404291325,포항역,202404291625,수원역,35000,300,300
D0288,202404291405,포항역,202404291605,대전역,30000,250,250
D0289,202404291505,포항역,202404291605,울산역,20000,200,200
D0290,202404291630,포항역,202404291715,부산역,15000,150,150
D0291,202404291255,울산역,202404291655,서울역,40000,300,300
D0292,202404291305,울산역,202404291605,수원역,37000,300,300
D0293,202404291105,울산역,202404291405,대전역,32000,250,250
D0294,202404291005,울산역,202404291105,포항역,20000,200,200
D0295,202404291405,울산역,202404291705,부산역,20000,150,150
D0296,202404291305,부산역,202404291705,서울역,50000,350,350
D0297,202404291205,부산역,202404291505,수원역,40000,300,300
D0298,202404291105,부산역,202404291405,대전역,34000,250,250
D0299,202404291505,부산역,202404291605,포항역,20000,200,200
D0300,202404291705,부산역,202404291805,울산역,20000,150,150
D0301,202404301005,서울역,202404301205,수원역,20000,200,200
D0302,202404301135,서울역,202404301505,대전역,30000,220,220
D0303,202404301205,서울역,202404301605,포항역,35000,300,300
D0304,202404301335,서울역,202404301735,울산역,40000,300,300
D0305,202404301405,서울역,202404301805,부산역,40000,300,300
D0306,202404301025,수원역,202404301135,서울역,20000,100,100
D0307,202404301105,수원역,202404301305,대전역,25000,150,150
D0308,202404301205,수원역,202404301535,포항역,35000,250,250
D0309,202404301305,수원역,202404301705,울산역,40000,250,250
D0310,202404301405,수원역,202404301805,부산역,40000,300,300
D0311,202404301105,대전역,202404301305,서울역,30000,250,250
D0312,202404301205,대전역,202404301405,수원역,20000,250,250
D0313,202404301335,대전역,202404301535,포항역,30000,300,300
D0314,202404301405,대전역,202404301705,울산역,40000,300,300
D0315,202404301505,대전역,202404301805,부산역,40000,300,300
D0316,202404301205,포항역,202404301605,서울역,35000,300,300
D0317,202404301325,포항역,202404301625,수원역,35000,300,300
D0318,202404301405,포항역,202404301605,대전역,30000,250,250
D0319,202404301505,포항역,202404301605,울산역,20000,200,200
D0320,202404301630,포항역,202404301715,부산역,15000,150,150
D0321,202404301255,울산역,202404301655,서울역,40000,300,300
D0322,202404301305,울산역,202404301605,수원역,37000,300,300
D0323,202404301105,울산역,202404301405,대전역,32000,250,250
D0324,202404301005,울산역,202404301105,포항역,20000,200,200
D0325,202404301405,울산역,202404301705,부산역,20000,150,150
D0326,202404301305,부산역,202404301705,서울역,50000,350,350
D0327,202404301205,부산역,202404301505,수원역,40000,300,300
D0328,202404301105,부산역,202404301405,대전역,34000,250,250
D0329,202404301505,부산역,202404301605,포항역,20000,200,200
D0330,202404301705,부산역,202404301805,울산역,20000,150,150
D0331,202405011005,서울역,202405011205,수원역,20000,200,200
D0332,202405011135,서울역,202405011505,대전역,30000,220,220
D0333,202405011205,서울역,202405011605,포항역,35000,300,300
D0334,202405011335,서울역,202405011735,울산역,40000,300,300
D0335,202405011405,서울역,202405011805,부산역,40000,300,300
D0336,202405011025,수원역,202405011135,서울역,20000,100,100
D0337,202405011105,수원역,202405011305,대전역,25000,150,150
D0338,202405011205,수원역,202405011535,포항역,35000,250,250
D0339,202405011305,수원역,202405011705,울산역,40000,250,250
D0340,202405011405,수원역,202405011805,부산역,40000,300,300
D0341,202405011105,대전역,202405011305,서울역,30000,250,250
D0342,202405011205,대전역,202405011405,수원역,20000,250,250
D0343,202405011335,대전역,202405011535,포항역,30000,300,300
D0344,202405011405,대전역,202405011705,울산역,40000,300,300
D0345,202405011505,대전역,202405011805,부산역,40000,300,300
D0346,202405011205,포항역,202405011605,서울역,35000,300,300
D0347,202405011325,포항역,202405011625,수원역,35000,300,300
D0348,202405011405,포항역,202405011605,대전역,30000,250,250
D0349,202405011505,포항역,202405011605,울산역,20000,200,200
D0350,202405011630,포항역,202405011715,부산역,15000,150,150
D0351,202405011255,울산역,202405011655,서울역,40000,300,300
D0352,202405011305,울산역,202405011605,수원역,37000,300,300
D0353,202405011105,울산역,202405011405,대전역,32000,250,250
D0354,202405011005,울산역,202405011105,포항역,20000,200,200
D0355,202405011405,울산역,202405011705,부산역,20000,150,150
D0356,202405011305,부산역,202405011705,서울역,50000,350,350
D0357,202405011205,부산역,202405011505,수원역,40000,300,300
D0358,202405011105,부산역,202405011405,대전역,34000,250,250
D0359,202405011505,부산역,202405011605,포항역,20000,200,200
D0360,202405011705,부산역,202405011805,울산역,20000,150,150
D0361,202405021005,서울역,202405021205,수원역,20000,200,200
D0362,202405021135,서울역,202405021505,대전역,30000,220,220
D0363,202405021205,서울역,202405021605,포항역,35000,300,300
D0364,202405021335,서울역,202405021735,울산역,40000,300,300
D0365,202405021405,서울역,202405021805,부산역,40000,300,300
D0366,202405021025,수원역,202405021135,서울역,20000,100,100
D0367,202405021105,수원역,202405021305,대전역,25000,150,150
D0368,202405021205,수원역,202405021535,포항역,35000,250,250
D0369,202405021305,수원역,202405021705,울산역,40000,250,250
D0370,202405021405,수원역,202405021805,부산역,40000,300,300
D0371,202405021105,대전역,202405021305,서울역,30000,250,250
D0372,202405021205,대전역,202405021405,수원역,20000,250,250
D0373,202405021335,대전역,202405021535,포항역,30000,300,300
D0374,202405021405,대전역,202405021705,울산역,40000,300,300
D0375,202405021505,대전역,202405021805,부산역,40000,300,300
D0376,202405021205,포항역,202405021605,서울역,35000,300,300
D0377,202405021325,포항역,202405021625,수원역,35000,300,300
D0378,202405021405,포항역,202405021605,대전역,30000,250,250
D0379,202405021505,포항역,202405021605,울산역,20000,200,200
D0380,202405021630,포항역,202405021715,부산역,15000,150,150
D0381,202405021255,울산역,202405021655,서울역,40000,300,300
D0382,202405021305,울산역,202405021605,수원역,37000,300,300
D0383,202405021105,울산역,202405021405,대전역,32000,250,250
D0384,202405021005,울산역,202405021105,포항역,20000,200,200
D0385,202405021405,울산역,202405021705,부산역,20000,150,150
D0386,202405021305,부산역,202405021705,서울역,50000,350,350
D0387,202405021205,부산역,202405021505,수원역,40000,300,300
D0388,202405021105,부산역,202405021405,대전역,34000,250,250
D0389,202405021505,부산역,202405021605,포항역,20000,200,200
D0390,202405021705,부산역,202405021805,울산역,20000,150,150
D0391,202405031005,서울역,202405031205,수원역,20000,200,200
D0392,202405031135,서울역,202405031505,대전역,30000,220,220
D0393,202405031205,서울역,202405031605,포항역,35000,300,300
D0394,202405031335,서울역,202405031735,울산역,40000,300,300
D0395,202405031405,서울역,202405031805,부산역,40000,300,300
D0396,202405031025,수원역,202405031135,서울역,20000,100,100
D0397,202405031105,수원역,202405031305,대전역,25000,150,150
D0398,202405031205,수원역,202405031535,포항역,35000,250,250
D0399,202405031305,수원역,202405031705,울산역,40000,250,250
D0400,202405031405,수원역,202405031805,부산역,40000,300,300
D0401,202405031105,대전역,202405031305,서울역,30000,250,250
D0402,202405031205,대전역,202405031405,수원역,20000,250,250
D0403,202405031335,대전역,202405031535,포항역,30000,300,300
D0404,202405031405,대전역,202405031705,울산역,40000,300,300
D0405,202405031505,대전역,202405031805,부산역,40000,300,300
D0406,202405031205,포항역,202405031605,서울역,35000,300,300
D0407,202405031325,포항역,202405031625,수원역,35000,300,300
D0408,202405031405,포항역,202405031605,대전역,30000,250,250
D0409,202405031505,포항역,202405031605,울산역,20000,200,200
D0410,202405031630,포항역,202405031715,부산역,15000,150,150
D0411,202405031255,울산역,202405031655,서울역,40000,300,300
D0412,202405031305,울산역,202405031605,수원역,37000,300,300
D0413,202405031105,울산역,202405031405,대전역,32000,250,250
D0414,202405031005,울산역,202405031105,포항역,20000,200,200
D0415,202405031405,울산역,202405031705,부산역,20000,150,150
D0416,202405031305,부산역,202405031705,서울역,50000,350,350
D0417,202405031205,부산역,202405031505,수원역,40000,300,300
D0418,202405031105,부산역,202405031405,대전역,34000,250,250
D0419,202405031505,부산역,202405031605,포항역,20000,200,200
D0420,202405031705,부산역,202405031805,울산역,20000,150,150
D0421,202405041005,서울역,202405041205,수원역,20000,200,200
D0422,202405041135,서울역,202405041505,대전역,30000,220,220
D0423,202405041205,서울역,202405041605,포항역,35000,300,300
D0424,202405041335,서울역,202405041735,울산역,40000,300,300
D0425,202405041405,서울역,202405041805,부산역,40000,300,300
D0426,202405041025,수원역,202405041135,서울역,20000,100,100
D0427,202405041105,수원역,202405041305,대전역,25000,150,150
D0428,202405041205,수원역,202405041535,포항역,35000,250,250
D0429,202405041305,수원역,202405041705,울산역,40000,250,250
D0430,202405041405,수원역,202405041805,부산역,40000,300,300
D0431,202405041105,대전역,202405041305,서울역,30000,250,250
D0432,202405041205,대전역,202405041405,수원역,20000,250,250
D0433,202405041335,대전역,202405041535,포항역,30000,300,300
D0434,202405041405,대전역,202405041705,울산역,40000,300,300
D0435,202405041505,대전역,202405041805,부산역,40000,300,300
D0436,202405041205,포항역,202405041605,서울역,35000,300,300
D0437,202405041325,포항역,202405041625,수원역,35000,300,300
D0438,202405041405,포항역,202405041605,대전역,30000,250,250
D0439,202405041505,포항역,202405041605,울산역,20000,200,200
D0440,202405041630,포항역,202405041715,부산역,15000,150,150
D0441,202405041255,울산역,202405041655,서울역,40000,300,300
D0442,202405041305,울산역,202405041605,수원역,37000,300,300
D0443,202405041105,울산역,202405041405,대전역,32000,250,250
D0444,202405041005,울산역,202405041105,포항역,20000,200,200
D0445,202405041405,울산역,202405041705,부산역,20000,150,150
D0446,202405041305,부산역,202405041705,서울역,50000,350,350
D0447,202405041205,부산역,202405041505,수원역,40000,300,300
D0448,202405041105,부산역,202405041405,대전역,34000,250,250
D0449,202405041505,부산역,202405041605,포항역,20000,200,200
D0450,202405041705,부산역,202405041805,울산역,20000,150,150
D0271,202404291005,서울역,202404291205,수원역,20000,200,200
D0274,202404291335,서울역,202404291735,울산역,40000,300,300
D0278,202404291205,수원역,202404291535,포항역,35000,250,250
D0283,202404291335,대전역,202404291535,포항역,30000,299,300
D0285,202404291505,대전역,202404291805,부산역,40000,288,300
D0286,202404291205,포항역,202404291605,서울역,35000,298,300
A0005,202404051400,서울역,202404051800,부산역,40000,297,300
