A0001,202405010900,1,200,2,200,3,200,,,,
B0001,202405010920,1,150,2,150,3,150,,,,
A0002,202405011100,1,200,2,200,3,200,,,,
B0002,202405011120,1,150,2,150,3,150,,,,
A0003,202405011300,1,200,2,200,3,200,,,,
B0003,202405011320,1,150,2,150,3,150,,,,
A0004,202405011500,1,200,2,200,3,200,,,,
B0004,202405011520,1,150,2,150,3,150,,,,
A0005,202405011700,1,200,2,200,3,200,,,,
B0005,202405011720,1,150,2,150,3,150,,,,
A0006,202405011900,1,200,2,200,3,200,,,,
B0006,202405011920,1,150,2,150,3,150,,,,
A0007,202405012100,1,200,2,200,3,100,,,,
B0007,202405012120,1,150,2,150,3,150,,,,
A0008,202405010910,-3,200,-2,200,-1,200,,,,
B0008,202405010940,-3,150,-2,150,-1,150,,,,
A0009,202405011110,-3,200,-2,200,-1,200,,,,
B0009,202405011140,-3,150,-2,150,-1,150,,,,
A0010,202405011310,-3,200,-2,200,-1,200,,,,
B0010,202405011340,-3,150,-2,150,-1,150,,,,
A0011,202405011510,-3,200,-2,200,-1,200,,,,
B0011,202405011540,-3,150,-2,150,-1,150,,,,
A0012,202405011710,-3,200,-2,200,-1,200,,,,
B0012,202405011740,-3,150,-2,150,-1,150,,,,
A0013,202405011910,-3,200,-2,200,-1,200,,,,
B0013,202405011940,-3,150,-2,150,-1,150,,,,
A0014,202405012110,-3,200,-2,200,-1,200,,,,
B0014,202405012140,-3,150,-2,150,-1,150,,,,
A0015,202405011000,1,250,4,250,5,250,6,250,7,250
B0015,202405011020,1,200,4,200,5,200,6,200,7,200
A0016,202405011200,1,250,4,250,5,250,6,250,7,250
B0016,202405011220,1,200,4,200,5,200,6,200,7,200
A0017,202405011400,1,250,4,250,5,250,6,250,7,250
B0017,202405011420,1,200,4,200,5,200,6,200,7,200
A0018,202405011600,1,250,4,250,5,250,6,250,7,250
B0018,202405011620,1,200,4,200,5,200,6,200,7,200
A0019,202405011800,1,250,4,250,5,250,6,250,7,250
B0019,202405011820,1,200,4,200,5,200,6,200,7,200
A0020,202405012000,1,250,4,250,5,250,6,250,7,250
B0020,202405012020,1,200,4,200,5,200,6,200,7,200
A0021,202405012200,1,250,4,250,5,250,6,250,7,250
B0021,202405012220,1,200,4,200,5,200,6,200,7,200
A0022,202405011010,-7,250,-6,250,-5,250,-4,250,-1,250
B0022,202405011040,-7,200,-6,200,-5,200,-4,200,-1,200
A0023,202405011210,-7,250,-6,250,-5,250,-4,250,-1,250
B0023,202405011240,-7,200,-6,200,-5,200,-4,200,-1,200
A0024,202405011410,-7,250,-6,250,-5,250,-4,250,-1,250
B0024,202405011440,-7,200,-6,200,-5,200,-4,200,-1,200
A0025,202405011610,-7,250,-6,250,-5,250,-4,250,-1,250
B0025,202405011640,-7,200,-6,200,-5,200,-4,200,-1,200
A0026,202405011810,-7,250,-6,250,-5,250,-4,250,-1,250
B0026,202405011840,-7,200,-6,200,-5,200,-4,200,-1,200
A0027,202405012010,-7,250,-6,250,-5,250,-4,250,-1,250
B0027,202405012040,-7,200,-6,200,-5,200,-4,200,-1,200
A0028,202405012210,-7,250,-6,250,-5,250,-4,250,-1,250
B0028,202405012240,-7,200,-6,200,-5,200,-4,200,-1,200
A0029,202405020900,1,200,2,200,3,200,,,,
B0029,202405020920,1,150,2,150,3,150,,,,
A0030,202405021100,1,200,2,200,3,200,,,,
B0030,202405021120,1,150,2,150,3,150,,,,
A0031,202405021300,1,200,2,200,3,200,,,,
B0031,202405021320,1,150,2,150,3,150,,,,
A0032,202405021500,1,200,2,200,3,200,,,,
B0032,202405021520,1,150,2,150,3,150,,,,
A0033,202405021700,1,200,2,200,3,200,,,,
B0033,202405021720,1,150,2,150,3,150,,,,
A0034,202405021900,1,200,2,200,3,200,,,,
B0034,202405021920,1,150,2,150,3,150,,,,
A0035,202405022100,1,200,2,200,3,100,,,,
B0035,202405022120,1,150,2,150,3,150,,,,
A0036,202405020910,-3,200,-2,200,-1,200,,,,
B0036,202405020940,-3,150,-2,150,-1,150,,,,
A0037,202405021110,-3,200,-2,200,-1,200,,,,
B0037,202405021140,-3,150,-2,150,-1,150,,,,
A0038,202405021310,-3,200,-2,200,-1,200,,,,
B0038,202405021340,-3,150,-2,150,-1,150,,,,
A0039,202405021510,-3,200,-2,200,-1,200,,,,
B0039,202405021540,-3,150,-2,150,-1,150,,,,
A0040,202405021710,-3,200,-2,200,-1,200,,,,
B0040,202405021740,-3,150,-2,150,-1,150,,,,
A0041,202405021910,-3,200,-2,200,-1,200,,,,
B0041,202405021940,-3,150,-2,150,-1,150,,,,
A0042,202405022110,-3,200,-2,200,-1,200,,,,
B0042,202405022140,-3,150,-2,150,-1,150,,,,
A0043,202405021000,1,250,4,250,5,250,6,250,7,250
B0043,202405021020,1,200,4,200,5,200,6,200,7,200
A0044,202405021200,1,250,4,250,5,250,6,250,7,250
B0044,202405021220,1,200,4,200,5,200,6,200,7,200
A0045,202405021400,1,250,4,250,5,250,6,250,7,250
B0045,202405021420,1,200,4,200,5,200,6,200,7,200
A0046,202405021600,1,250,4,250,5,250,6,250,7,250
B0046,202405021620,1,200,4,200,5,200,6,200,7,200
A0047,202405021800,1,250,4,250,5,250,6,250,7,250
B0047,202405021820,1,200,4,200,5,200,6,200,7,200
A0048,202405022000,1,250,4,250,5,250,6,250,7,250
B0048,202405022020,1,200,4,200,5,200,6,200,7,200
A0049,202405022200,1,250,4,250,5,250,6,250,7,250
B0049,202405022220,1,200,4,200,5,200,6,200,7,200
A0050,202405021010,-7,250,-6,250,-5,250,-4,250,-1,250
B0050,202405021040,-7,200,-6,200,-5,200,-4,200,-1,200
A0051,202405021210,-7,250,-6,250,-5,250,-4,250,-1,250
B0051,202405021240,-7,200,-6,200,-5,200,-4,200,-1,200
A0052,202405021410,-7,250,-6,250,-5,250,-4,250,-1,250
B0052,202405021440,-7,200,-6,200,-5,200,-4,200,-1,200
A0053,202405021610,-7,250,-6,250,-5,250,-4,250,-1,250
B0053,202405021640,-7,200,-6,200,-5,200,-4,200,-1,200
A0054,202405021810,-7,250,-6,250,-5,250,-4,250,-1,250
B0054,202405021840,-7,200,-6,200,-5,200,-4,200,-1,200
A0055,202405022010,-7,250,-6,250,-5,250,-4,250,-1,250
B0055,202405022040,-7,200,-6,200,-5,200,-4,200,-1,200
A0056,202405022210,-7,250,-6,250,-5,250,-4,250,-1,250
B0056,202405022240,-7,200,-6,200,-5,200,-4,200,-1,200
A0057,202405030900,1,200,2,200,3,200,,,,
B0057,202405030920,1,150,2,150,3,150,,,,
A0058,202405031100,1,200,2,200,3,200,,,,
B0058,202405031120,1,150,2,150,3,150,,,,
A0059,202405031300,1,200,2,200,3,200,,,,
B0059,202405031320,1,150,2,150,3,150,,,,
A0060,202405031500,1,200,2,200,3,200,,,,
B0060,202405031520,1,150,2,150,3,150,,,,
A0061,202405031700,1,200,2,200,3,200,,,,
B0061,202405031720,1,150,2,150,3,150,,,,
A0062,202405031900,1,200,2,200,3,200,,,,
B0062,202405031920,1,150,2,150,3,150,,,,
A0063,202405032100,1,200,2,200,3,100,,,,
B0063,202405032120,1,150,2,150,3,150,,,,
A0064,202405030910,-3,200,-2,200,-1,200,,,,
B0064,202405030940,-3,150,-2,150,-1,150,,,,
A0065,202405031110,-3,200,-2,200,-1,200,,,,
B0065,202405031140,-3,150,-2,150,-1,150,,,,
A0066,202405031310,-3,200,-2,200,-1,200,,,,
B0066,202405031340,-3,150,-2,150,-1,150,,,,
A0067,202405031510,-3,200,-2,200,-1,200,,,,
B0067,202405031540,-3,150,-2,150,-1,150,,,,
A0068,202405031710,-3,200,-2,200,-1,200,,,,
B0068,202405031740,-3,150,-2,150,-1,150,,,,
A0069,202405031910,-3,200,-2,200,-1,200,,,,
B0069,202405031940,-3,150,-2,150,-1,150,,,,
A0070,202405032110,-3,200,-2,200,-1,200,,,,
B0070,202405032140,-3,150,-2,150,-1,150,,,,
A0071,202405031000,1,250,4,250,5,250,6,250,7,250
B0071,202405031020,1,200,4,200,5,200,6,200,7,200
A0072,202405031200,1,250,4,250,5,250,6,250,7,250
B0072,202405031220,1,200,4,200,5,200,6,200,7,200
A0073,202405031400,1,250,4,250,5,250,6,250,7,250
B0073,202405031420,1,200,4,200,5,200,6,200,7,200
A0074,202405031600,1,250,4,250,5,250,6,250,7,250
B0074,202405031620,1,200,4,200,5,200,6,200,7,200
A0075,202405031800,1,250,4,250,5,250,6,250,7,250
B0075,202405031820,1,200,4,200,5,200,6,200,7,200
A0076,202405032000,1,250,4,250,5,250,6,250,7,250
B0076,202405032020,1,200,4,200,5,200,6,200,7,200
A0077,202405032200,1,250,4,250,5,250,6,250,7,250
B0077,202405032220,1,200,4,200,5,200,6,200,7,200
A0078,202405031010,-7,250,-6,250,-5,250,-4,250,-1,250
B0078,202405031040,-7,200,-6,200,-5,200,-4,200,-1,200
A0079,202405031210,-7,250,-6,250,-5,250,-4,250,-1,250
B0079,202405031240,-7,200,-6,200,-5,200,-4,200,-1,200
A0080,202405031410,-7,250,-6,250,-5,250,-4,250,-1,250
B0080,202405031440,-7,200,-6,200,-5,200,-4,200,-1,200
A0081,202405031610,-7,250,-6,250,-5,250,-4,250,-1,250
B0081,202405031640,-7,200,-6,200,-5,200,-4,200,-1,200
A0082,202405031810,-7,250,-6,250,-5,250,-4,250,-1,250
B0082,202405031840,-7,200,-6,200,-5,200,-4,200,-1,200
A0083,202405032010,-7,250,-6,250,-5,250,-4,250,-1,250
B0083,202405032040,-7,200,-6,200,-5,200,-4,200,-1,200
A0084,202405032210,-7,250,-6,250,-5,250,-4,250,-1,250
B0084,202405032240,-7,200,-6,200,-5,200,-4,200,-1,200
A0085,202405040900,1,200,2,200,3,200,,,,
B0085,202405040920,1,150,2,150,3,150,,,,
A0086,202405041100,1,200,2,200,3,200,,,,
B0086,202405041120,1,150,2,150,3,150,,,,
A0087,202405041300,1,200,2,200,3,200,,,,
B0087,202405041320,1,150,2,150,3,150,,,,
A0088,202405041500,1,200,2,200,3,200,,,,
B0088,202405041520,1,150,2,150,3,150,,,,
A0089,202405041700,1,200,2,200,3,200,,,,
B0089,202405041720,1,150,2,150,3,150,,,,
A0090,202405041900,1,200,2,200,3,200,,,,
B0090,202405041920,1,150,2,150,3,150,,,,
A0091,202405042100,1,200,2,200,3,100,,,,
B0091,202405042120,1,150,2,150,3,150,,,,
A0092,202405040910,-3,200,-2,200,-1,200,,,,
B0092,202405040940,-3,150,-2,150,-1,150,,,,
A0093,202405041110,-3,200,-2,200,-1,200,,,,
B0093,202405041140,-3,150,-2,150,-1,150,,,,
A0094,202405041310,-3,200,-2,200,-1,200,,,,
B0094,202405041340,-3,150,-2,150,-1,150,,,,
A0095,202405041510,-3,200,-2,200,-1,200,,,,
B0095,202405041540,-3,150,-2,150,-1,150,,,,
A0096,202405041710,-3,200,-2,200,-1,200,,,,
B0096,202405041740,-3,150,-2,150,-1,150,,,,
A0097,202405041910,-3,200,-2,200,-1,200,,,,
B0097,202405041940,-3,150,-2,150,-1,150,,,,
A0098,202405042110,-3,200,-2,200,-1,200,,,,
B0098,202405042140,-3,150,-2,150,-1,150,,,,
A0099,202405041000,1,250,4,250,5,250,6,250,7,250
B0099,202405041020,1,200,4,200,5,200,6,200,7,200
A0100,202405041200,1,250,4,250,5,250,6,250,7,250
B0100,202405041220,1,200,4,200,5,200,6,200,7,200
A0101,202405041400,1,250,4,250,5,250,6,250,7,250
B0101,202405041420,1,200,4,200,5,200,6,200,7,200
A0102,202405041600,1,250,4,250,5,250,6,250,7,250
B0102,202405041620,1,200,4,200,5,200,6,200,7,200
A0103,202405041800,1,250,4,250,5,250,6,250,7,250
B0103,202405041820,1,200,4,200,5,200,6,200,7,200
A0104,202405042000,1,250,4,250,5,250,6,250,7,250
B0104,202405042020,1,200,4,200,5,200,6,200,7,200
A0105,202405042200,1,250,4,250,5,250,6,250,7,250
B0105,202405042220,1,200,4,200,5,200,6,200,7,200
A0106,202405041010,-7,250,-6,250,-5,250,-4,250,-1,250
B0106,202405041040,-7,200,-6,200,-5,200,-4,200,-1,200
A0107,202405041210,-7,250,-6,250,-5,250,-4,250,-1,250
B0107,202405041240,-7,200,-6,200,-5,200,-4,200,-1,200
A0108,202405041410,-7,250,-6,250,-5,250,-4,250,-1,250
B0108,202405041440,-7,200,-6,200,-5,200,-4,200,-1,200
A0109,202405041610,-7,250,-6,250,-5,250,-4,250,-1,250
B0109,202405041640,-7,200,-6,200,-5,200,-4,200,-1,200
A0110,202405041810,-7,250,-6,250,-5,250,-4,250,-1,250
B0110,202405041840,-7,200,-6,200,-5,200,-4,200,-1,200
A0111,202405042010,-7,250,-6,250,-5,250,-4,250,-1,250
B0111,202405042040,-7,200,-6,200,-5,200,-4,200,-1,200
A0112,202405042210,-7,250,-6,250,-5,250,-4,250,-1,250
B0112,202405042240,-7,200,-6,200,-5,200,-4,200,-1,200
A0113,202405050900,1,200,2,200,3,200,,,,
B0113,202405050920,1,150,2,150,3,150,,,,
A0114,202405051100,1,200,2,200,3,200,,,,
B0114,202405051120,1,150,2,150,3,150,,,,
A0115,202405051300,1,200,2,200,3,200,,,,
B0115,202405051320,1,150,2,150,3,150,,,,
A0116,202405051500,1,200,2,200,3,200,,,,
B0116,202405051520,1,150,2,150,3,150,,,,
A0117,202405051700,1,200,2,200,3,200,,,,
B0117,202405051720,1,150,2,150,3,150,,,,
A0118,202405051900,1,200,2,200,3,200,,,,
B0118,202405051920,1,150,2,150,3,150,,,,
A0119,202405052100,1,200,2,200,3,100,,,,
B0119,202405052120,1,150,2,150,3,150,,,,
A0120,202405050910,-3,200,-2,200,-1,200,,,,
B0120,202405050940,-3,150,-2,150,-1,150,,,,
A0121,202405051110,-3,200,-2,200,-1,200,,,,
B0121,202405051140,-3,150,-2,150,-1,150,,,,
A0122,202405051310,-3,200,-2,200,-1,200,,,,
B0122,202405051340,-3,150,-2,150,-1,150,,,,
A0123,202405051510,-3,200,-2,200,-1,200,,,,
B0123,202405051540,-3,150,-2,150,-1,150,,,,
A0124,202405051710,-3,200,-2,200,-1,200,,,,
B0124,202405051740,-3,150,-2,150,-1,150,,,,
A0125,202405051910,-3,200,-2,200,-1,200,,,,
B0125,202405051940,-3,150,-2,150,-1,150,,,,
A0126,202405052110,-3,200,-2,200,-1,200,,,,
B0126,202405052140,-3,150,-2,150,-1,150,,,,
A0127,202405051000,1,250,4,250,5,250,6,250,7,250
B0127,202405051020,1,200,4,200,5,200,6,200,7,200
A0128,202405051200,1,250,4,250,5,250,6,250,7,250
B0128,202405051220,1,200,4,200,5,200,6,200,7,200
A0129,202405051400,1,250,4,250,5,250,6,250,7,250
B0129,202405051420,1,200,4,200,5,200,6,200,7,200
A0130,202405051600,1,250,4,250,5,250,6,250,7,250
B0130,202405051620,1,200,4,200,5,200,6,200,7,200
A0131,202405051800,1,250,4,250,5,250,6,250,7,250
B0131,202405051820,1,200,4,200,5,200,6,200,7,200
A0132,202405052000,1,250,4,250,5,250,6,250,7,250
B0132,202405052020,1,200,4,200,5,200,6,200,7,200
A0133,202405052200,1,250,4,250,5,250,6,250,7,250
B0133,202405052220,1,200,4,200,5,200,6,200,7,200
A0134,202405051010,-7,250,-6,250,-5,250,-4,250,-1,250
B0134,202405051040,-7,200,-6,200,-5,200,-4,200,-1,200
A0135,202405051210,-7,250,-6,250,-5,250,-4,250,-1,250
B0135,202405051240,-7,200,-6,200,-5,200,-4,200,-1,200
A0136,202405051410,-7,250,-6,250,-5,250,-4,250,-1,250
B0136,202405051440,-7,200,-6,200,-5,200,-4,200,-1,200
A0137,202405051610,-7,250,-6,250,-5,250,-4,250,-1,250
B0137,202405051640,-7,200,-6,200,-5,200,-4,200,-1,200
A0138,202405051810,-7,250,-6,250,-5,250,-4,250,-1,250
B0138,202405051840,-7,200,-6,200,-5,200,-4,200,-1,200
A0139,202405052010,-7,250,-6,250,-5,250,-4,250,-1,250
B0139,202405052040,-7,200,-6,200,-5,200,-4,200,-1,200
A0140,202405052210,-7,250,-6,250,-5,250,-4,250,-1,250
B0140,202405052240,-7,200,-6,200,-5,200,-4,200,-1,200
A0141,202405060900,1,200,2,200,3,200,,,,
B0141,202405060920,1,150,2,150,3,150,,,,
A0142,202405061100,1,200,2,200,3,200,,,,
B0142,202405061120,1,150,2,150,3,150,,,,
A0143,202405061300,1,200,2,200,3,200,,,,
B0143,202405061320,1,150,2,150,3,150,,,,
A0144,202405061500,1,200,2,200,3,200,,,,
B0144,202405061520,1,150,2,150,3,150,,,,
A0145,202405061700,1,200,2,200,3,200,,,,
B0145,202405061720,1,150,2,150,3,150,,,,
A0146,202405061900,1,200,2,200,3,200,,,,
B0146,202405061920,1,150,2,150,3,150,,,,
A0147,202405062100,1,200,2,200,3,100,,,,
B0147,202405062120,1,150,2,150,3,150,,,,
A0148,202405060910,-3,200,-2,200,-1,200,,,,
B0148,202405060940,-3,150,-2,150,-1,150,,,,
A0149,202405061110,-3,200,-2,200,-1,200,,,,
B0149,202405061140,-3,150,-2,150,-1,150,,,,
A0150,202405061310,-3,200,-2,200,-1,200,,,,
B0150,202405061340,-3,150,-2,150,-1,150,,,,
A0151,202405061510,-3,200,-2,200,-1,200,,,,
B0151,202405061540,-3,150,-2,150,-1,150,,,,
A0152,202405061710,-3,200,-2,200,-1,200,,,,
B0152,202405061740,-3,150,-2,150,-1,150,,,,
A0153,202405061910,-3,200,-2,200,-1,200,,,,
B0153,202405061940,-3,150,-2,150,-1,150,,,,
A0154,202405062110,-3,200,-2,200,-1,200,,,,
B0154,202405062140,-3,150,-2,150,-1,150,,,,
A0155,202405061000,1,250,4,250,5,250,6,250,7,250
B0155,202405061020,1,200,4,200,5,200,6,200,7,200
A0156,202405061200,1,250,4,250,5,250,6,250,7,250
B0156,202405061220,1,200,4,200,5,200,6,200,7,200
A0157,202405061400,1,250,4,250,5,250,6,250,7,250
B0157,202405061420,1,200,4,200,5,200,6,200,7,200
A0158,202405061600,1,250,4,250,5,250,6,250,7,250
B0158,202405061620,1,200,4,200,5,200,6,200,7,200
A0159,202405061800,1,250,4,250,5,250,6,250,7,250
B0159,202405061820,1,200,4,200,5,200,6,200,7,200
A0160,202405062000,1,250,4,250,5,250,6,250,7,250
B0160,202405062020,1,200,4,200,5,200,6,200,7,200
A0161,202405062200,1,250,4,250,5,250,6,250,7,250
B0161,202405062220,1,200,4,200,5,200,6,200,7,200
A0162,202405061010,-7,250,-6,250,-5,250,-4,250,-1,250
B0162,202405061040,-7,200,-6,200,-5,200,-4,200,-1,200
A0163,202405061210,-7,250,-6,250,-5,250,-4,250,-1,250
B0163,202405061240,-7,200,-6,200,-5,200,-4,200,-1,200
A0164,202405061410,-7,250,-6,250,-5,250,-4,250,-1,250
B0164,202405061440,-7,200,-6,200,-5,200,-4,200,-1,200
A0165,202405061610,-7,250,-6,250,-5,250,-4,250,-1,250
B0165,202405061640,-7,200,-6,200,-5,200,-4,200,-1,200
A0166,202405061810,-7,250,-6,250,-5,250,-4,250,-1,250
B0166,202405061840,-7,200,-6,200,-5,200,-4,200,-1,200
A0167,202405062010,-7,250,-6,250,-5,250,-4,250,-1,250
B0167,202405062040,-7,200,-6,200,-5,200,-4,200,-1,200
A0168,202405062210,-7,250,-6,250,-5,250,-4,250,-1,250
B0168,202405062240,-7,200,-6,200,-5,200,-4,200,-1,200
A0169,202405070900,1,200,2,200,3,200,,,,
B0169,202405070920,1,150,2,150,3,150,,,,
A0170,202405071100,1,200,2,200,3,200,,,,
B0170,202405071120,1,150,2,150,3,150,,,,
A0171,202405071300,1,200,2,200,3,200,,,,
B0171,202405071320,1,150,2,150,3,150,,,,
A0172,202405071500,1,200,2,200,3,200,,,,
B0172,202405071520,1,150,2,150,3,150,,,,
A0173,202405071700,1,200,2,200,3,200,,,,
B0173,202405071720,1,150,2,150,3,150,,,,
A0174,202405071900,1,200,2,200,3,200,,,,
B0174,202405071920,1,150,2,150,3,150,,,,
A0175,202405072100,1,200,2,200,3,100,,,,
B0175,202405072120,1,150,2,150,3,150,,,,
A0176,202405070910,-3,200,-2,200,-1,200,,,,
B0176,202405070940,-3,150,-2,150,-1,150,,,,
A0177,202405071110,-3,200,-2,200,-1,200,,,,
B0177,202405071140,-3,150,-2,150,-1,150,,,,
A0178,202405071310,-3,200,-2,200,-1,200,,,,
B0178,202405071340,-3,150,-2,150,-1,150,,,,
A0179,202405071510,-3,200,-2,200,-1,200,,,,
B0179,202405071540,-3,150,-2,150,-1,150,,,,
A0180,202405071710,-3,200,-2,200,-1,200,,,,
B0180,202405071740,-3,150,-2,150,-1,150,,,,
A0181,202405071910,-3,200,-2,200,-1,200,,,,
B0181,202405071940,-3,150,-2,150,-1,150,,,,
A0182,202405072110,-3,200,-2,200,-1,200,,,,
B0182,202405072140,-3,150,-2,150,-1,150,,,,
A0183,202405071000,1,250,4,250,5,250,6,250,7,250
B0183,202405071020,1,200,4,200,5,200,6,200,7,200
A0184,202405071200,1,250,4,250,5,250,6,250,7,250
B0184,202405071220,1,200,4,200,5,200,6,200,7,200
A0185,202405071400,1,250,4,250,5,250,6,250,7,250
B0185,202405071420,1,200,4,200,5,200,6,200,7,200
A0186,202405071600,1,250,4,250,5,250,6,250,7,250
B0186,202405071620,1,200,4,200,5,200,6,200,7,200
A0187,202405071800,1,250,4,250,5,250,6,250,7,250
B0187,202405071820,1,200,4,200,5,200,6,200,7,200
A0188,202405072000,1,250,4,250,5,250,6,250,7,250
B0188,202405072020,1,200,4,200,5,200,6,200,7,200
A0189,202405072200,1,250,4,250,5,250,6,250,7,250
B0189,202405072220,1,200,4,200,5,200,6,200,7,200
A0190,202405071010,-7,250,-6,250,-5,250,-4,250,-1,250
B0190,202405071040,-7,200,-6,200,-5,200,-4,200,-1,200
A0191,202405071210,-7,250,-6,250,-5,250,-4,250,-1,250
B0191,202405071240,-7,200,-6,200,-5,200,-4,200,-1,200
A0192,202405071410,-7,250,-6,250,-5,250,-4,250,-1,250
B0192,202405071440,-7,200,-6,200,-5,200,-4,200,-1,200
A0193,202405071610,-7,250,-6,250,-5,250,-4,250,-1,250
B0193,202405071640,-7,200,-6,200,-5,200,-4,200,-1,200
A0194,202405071810,-7,250,-6,250,-5,250,-4,250,-1,250
B0194,202405071840,-7,200,-6,200,-5,200,-4,200,-1,200
A0195,202405072010,-7,250,-6,250,-5,250,-4,250,-1,250
B0195,202405072040,-7,200,-6,200,-5,200,-4,200,-1,200
A0196,202405072210,-7,250,-6,250,-5,250,-4,250,-1,250
B0196,202405072240,-7,200,-6,200,-5,200,-4,200,-1,200
A0197,202405080900,1,200,2,200,3,200,,,,
B0197,202405080920,1,150,2,150,3,150,,,,
A0198,202405081100,1,200,2,200,3,200,,,,
B0198,202405081120,1,150,2,150,3,150,,,,
A0199,202405081300,1,200,2,200,3,200,,,,
B0199,202405081320,1,150,2,150,3,150,,,,
A0200,202405081500,1,200,2,200,3,200,,,,
B0200,202405081520,1,150,2,150,3,150,,,,
A0201,202405081700,1,200,2,200,3,200,,,,
B0201,202405081720,1,150,2,150,3,150,,,,
A0202,202405081900,1,200,2,200,3,200,,,,
B0202,202405081920,1,150,2,150,3,150,,,,
A0203,202405082100,1,200,2,200,3,100,,,,
B0203,202405082120,1,150,2,150,3,150,,,,
A0204,202405080910,-3,200,-2,200,-1,200,,,,
B0204,202405080940,-3,150,-2,150,-1,150,,,,
A0205,202405081110,-3,200,-2,200,-1,200,,,,
B0205,202405081140,-3,150,-2,150,-1,150,,,,
A0206,202405081310,-3,200,-2,200,-1,200,,,,
B0206,202405081340,-3,150,-2,150,-1,150,,,,
A0207,202405081510,-3,200,-2,200,-1,200,,,,
B0207,202405081540,-3,150,-2,150,-1,150,,,,
A0208,202405081710,-3,200,-2,200,-1,200,,,,
B0208,202405081740,-3,150,-2,150,-1,150,,,,
A0209,202405081910,-3,200,-2,200,-1,200,,,,
B0209,202405081940,-3,150,-2,150,-1,150,,,,
A0210,202405082110,-3,200,-2,200,-1,200,,,,
B0210,202405082140,-3,150,-2,150,-1,150,,,,
A0211,202405081000,1,250,4,250,5,250,6,250,7,250
B0211,202405081020,1,200,4,200,5,200,6,200,7,200
A0212,202405081200,1,250,4,250,5,250,6,250,7,250
B0212,202405081220,1,200,4,200,5,200,6,200,7,200
A0213,202405081400,1,250,4,250,5,250,6,250,7,250
B0213,202405081420,1,200,4,200,5,200,6,200,7,200
A0214,202405081600,1,250,4,250,5,250,6,250,7,250
B0214,202405081620,1,200,4,200,5,200,6,200,7,200
A0215,202405081800,1,250,4,250,5,250,6,250,7,250
B0215,202405081820,1,200,4,200,5,200,6,200,7,200
A0216,202405082000,1,250,4,250,5,250,6,250,7,250
B0216,202405082020,1,200,4,200,5,200,6,200,7,200
A0217,202405082200,1,250,4,250,5,250,6,250,7,250
B0217,202405082220,1,200,4,200,5,200,6,200,7,200
A0218,202405081010,-7,250,-6,250,-5,250,-4,250,-1,250
B0218,202405081040,-7,200,-6,200,-5,200,-4,200,-1,200
A0219,202405081210,-7,250,-6,250,-5,250,-4,250,-1,250
B0219,202405081240,-7,200,-6,200,-5,200,-4,200,-1,200
A0220,202405081410,-7,250,-6,250,-5,250,-4,250,-1,250
B0220,202405081440,-7,200,-6,200,-5,200,-4,200,-1,200
A0221,202405081610,-7,250,-6,250,-5,250,-4,250,-1,250
B0221,202405081640,-7,200,-6,200,-5,200,-4,200,-1,200
A0222,202405081810,-7,250,-6,250,-5,250,-4,250,-1,250
B0222,202405081840,-7,200,-6,200,-5,200,-4,200,-1,200
A0223,202405082010,-7,250,-6,250,-5,250,-4,250,-1,250
B0223,202405082040,-7,200,-6,200,-5,200,-4,200,-1,200
A0224,202405082210,-7,250,-6,250,-5,250,-4,250,-1,250
B0224,202405082240,-7,200,-6,200,-5,200,-4,200,-1,200
A0225,202405090900,1,200,2,200,3,200,,,,
B0225,202405090920,1,150,2,150,3,150,,,,
A0226,202405091100,1,200,2,200,3,200,,,,
B0226,202405091120,1,150,2,150,3,150,,,,
A0227,202405091300,1,200,2,200,3,200,,,,
B0227,202405091320,1,150,2,150,3,150,,,,
A0228,202405091500,1,200,2,200,3,200,,,,
B0228,202405091520,1,150,2,150,3,150,,,,
A0229,202405091700,1,200,2,200,3,200,,,,
B0229,202405091720,1,150,2,150,3,150,,,,
A0230,202405091900,1,200,2,200,3,200,,,,
B0230,202405091920,1,150,2,150,3,150,,,,
A0231,202405092100,1,200,2,200,3,100,,,,
B0231,202405092120,1,150,2,150,3,150,,,,
A0232,202405090910,-3,200,-2,200,-1,200,,,,
B0232,202405090940,-3,150,-2,150,-1,150,,,,
A0233,202405091110,-3,200,-2,200,-1,200,,,,
B0233,202405091140,-3,150,-2,150,-1,150,,,,
A0234,202405091310,-3,200,-2,200,-1,200,,,,
B0234,202405091340,-3,150,-2,150,-1,150,,,,
A0235,202405091510,-3,200,-2,200,-1,200,,,,
B0235,202405091540,-3,150,-2,150,-1,150,,,,
A0236,202405091710,-3,200,-2,200,-1,200,,,,
B0236,202405091740,-3,150,-2,150,-1,150,,,,
A0237,202405091910,-3,200,-2,200,-1,200,,,,
B0237,202405091940,-3,150,-2,150,-1,150,,,,
A0238,202405092110,-3,200,-2,200,-1,200,,,,
B0238,202405092140,-3,150,-2,150,-1,150,,,,
A0239,202405091000,1,250,4,250,5,250,6,250,7,250
B0239,202405091020,1,200,4,200,5,200,6,200,7,200
A0240,202405091200,1,250,4,250,5,250,6,250,7,250
B0240,202405091220,1,200,4,200,5,200,6,200,7,200
A0241,202405091400,1,250,4,250,5,250,6,250,7,250
B0241,202405091420,1,200,4,200,5,200,6,200,7,200
A0242,202405091600,1,250,4,250,5,250,6,250,7,250
B0242,202405091620,1,200,4,200,5,200,6,200,7,200
A0243,202405091800,1,250,4,250,5,250,6,250,7,250
B0243,202405091820,1,200,4,200,5,200,6,200,7,200
A0244,202405092000,1,250,4,250,5,250,6,250,7,250
B0244,202405092020,1,200,4,200,5,200,6,200,7,200
A0245,202405092200,1,250,4,250,5,250,6,250,7,250
B0245,202405092220,1,200,4,200,5,200,6,200,7,200
A0246,202405091010,-7,250,-6,250,-5,250,-4,250,-1,250
B0246,202405091040,-7,200,-6,200,-5,200,-4,200,-1,200
A0247,202405091210,-7,250,-6,250,-5,250,-4,250,-1,250
B0247,202405091240,-7,200,-6,200,-5,200,-4,200,-1,200
A0248,202405091410,-7,250,-6,250,-5,250,-4,250,-1,250
B0248,202405091440,-7,200,-6,200,-5,200,-4,200,-1,200
A0249,202405091610,-7,250,-6,250,-5,250,-4,250,-1,250
B0249,202405091640,-7,200,-6,200,-5,200,-4,200,-1,200
A0250,202405091810,-7,250,-6,250,-5,250,-4,250,-1,250
B0250,202405091840,-7,200,-6,200,-5,200,-4,200,-1,200
A0251,202405092010,-7,250,-6,250,-5,250,-4,250,-1,250
B0251,202405092040,-7,200,-6,200,-5,200,-4,200,-1,200
A0252,202405092210,-7,250,-6,250,-5,250,-4,250,-1,250
B0252,202405092240,-7,200,-6,200,-5,200,-4,200,-1,200
A0253,202405100900,1,200,2,200,3,200,,,,
B0253,202405100920,1,150,2,150,3,150,,,,
A0254,202405101100,1,200,2,200,3,200,,,,
B0254,202405101120,1,150,2,150,3,150,,,,
A0255,202405101300,1,200,2,200,3,200,,,,
B0255,202405101320,1,150,2,150,3,150,,,,
A0256,202405101500,1,200,2,200,3,200,,,,
B0256,202405101520,1,150,2,150,3,150,,,,
A0257,202405101700,1,200,2,200,3,200,,,,
B0257,202405101720,1,150,2,150,3,150,,,,
A0258,202405101900,1,200,2,200,3,200,,,,
B0258,202405101920,1,150,2,150,3,150,,,,
A0259,202405102100,1,200,2,200,3,100,,,,
B0259,202405102120,1,150,2,150,3,150,,,,
A0260,202405100910,-3,200,-2,200,-1,200,,,,
B0260,202405100940,-3,150,-2,150,-1,150,,,,
A0261,202405101110,-3,200,-2,200,-1,200,,,,
B0261,202405101140,-3,150,-2,150,-1,150,,,,
A0262,202405101310,-3,200,-2,200,-1,200,,,,
B0262,202405101340,-3,150,-2,150,-1,150,,,,
A0263,202405101510,-3,200,-2,200,-1,200,,,,
B0263,202405101540,-3,150,-2,150,-1,150,,,,
A0264,202405101710,-3,200,-2,200,-1,200,,,,
B0264,202405101740,-3,150,-2,150,-1,150,,,,
A0265,202405101910,-3,200,-2,200,-1,200,,,,
B0265,202405101940,-3,150,-2,150,-1,150,,,,
A0266,202405102110,-3,200,-2,200,-1,200,,,,
B0266,202405102140,-3,150,-2,150,-1,150,,,,
A0267,202405101000,1,250,4,250,5,250,6,250,7,250
B0267,202405101020,1,200,4,200,5,200,6,200,7,200
A0268,202405101200,1,250,4,250,5,250,6,250,7,250
B0268,202405101220,1,200,4,200,5,200,6,200,7,200
A0269,202405101400,1,250,4,250,5,250,6,250,7,250
B0269,202405101420,1,200,4,200,5,200,6,200,7,200
A0270,202405101600,1,250,4,250,5,250,6,250,7,250
B0270,202405101620,1,200,4,200,5,200,6,200,7,200
A0271,202405101800,1,250,4,250,5,250,6,250,7,250
B0271,202405101820,1,200,4,200,5,200,6,200,7,200
A0272,202405102000,1,250,4,250,5,250,6,250,7,250
B0272,202405102020,1,200,4,200,5,200,6,200,7,200
A0273,202405102200,1,250,4,250,5,250,6,250,7,250
B0273,202405102220,1,200,4,200,5,200,6,200,7,200
A0274,202405101010,-7,250,-6,250,-5,250,-4,250,-1,250
B0274,202405101040,-7,200,-6,200,-5,200,-4,200,-1,200
A0275,202405101210,-7,250,-6,250,-5,250,-4,250,-1,250
B0275,202405101240,-7,200,-6,200,-5,200,-4,200,-1,200
A0276,202405101410,-7,250,-6,250,-5,250,-4,250,-1,250
B0276,202405101440,-7,200,-6,200,-5,200,-4,200,-1,200
A0277,202405101610,-7,250,-6,250,-5,250,-4,250,-1,250
B0277,202405101640,-7,200,-6,200,-5,200,-4,200,-1,200
A0278,202405101810,-7,250,-6,250,-5,250,-4,250,-1,250
B0278,202405101840,-7,200,-6,200,-5,200,-4,200,-1,200
A0279,202405102010,-7,250,-6,250,-5,250,-4,250,-1,250
B0279,202405102040,-7,200,-6,200,-5,200,-4,200,-1,200
A0280,202405102210,-7,250,-6,250,-5,250,-4,250,-1,250
B0280,202405102240,-7,200,-6,200,-5,200,-4,200,-1,200
A0281,202405110900,1,200,2,200,3,200,,,,
B0281,202405110920,1,150,2,150,3,150,,,,
A0282,202405111100,1,200,2,200,3,200,,,,
B0282,202405111120,1,150,2,150,3,150,,,,
A0283,202405111300,1,200,2,200,3,200,,,,
B0283,202405111320,1,150,2,150,3,150,,,,
A0284,202405111500,1,200,2,200,3,200,,,,
B0284,202405111520,1,150,2,150,3,150,,,,
A0285,202405111700,1,200,2,200,3,200,,,,
B0285,202405111720,1,150,2,150,3,150,,,,
A0286,202405111900,1,200,2,200,3,200,,,,
B0286,202405111920,1,150,2,150,3,150,,,,
A0287,202405112100,1,200,2,200,3,100,,,,
B0287,202405112120,1,150,2,150,3,150,,,,
A0288,202405110910,-3,200,-2,200,-1,200,,,,
B0288,202405110940,-3,150,-2,150,-1,150,,,,
A0289,202405111110,-3,200,-2,200,-1,200,,,,
B0289,202405111140,-3,150,-2,150,-1,150,,,,
A0290,202405111310,-3,200,-2,200,-1,200,,,,
B0290,202405111340,-3,150,-2,150,-1,150,,,,
A0291,202405111510,-3,200,-2,200,-1,200,,,,
B0291,202405111540,-3,150,-2,150,-1,150,,,,
A0292,202405111710,-3,200,-2,200,-1,200,,,,
B0292,202405111740,-3,150,-2,150,-1,150,,,,
A0293,202405111910,-3,200,-2,200,-1,200,,,,
B0293,202405111940,-3,150,-2,150,-1,150,,,,
A0294,202405112110,-3,200,-2,200,-1,200,,,,
B0294,202405112140,-3,150,-2,150,-1,150,,,,
A0295,202405111000,1,250,4,250,5,250,6,250,7,250
B0295,202405111020,1,200,4,200,5,200,6,200,7,200
A0296,202405111200,1,250,4,250,5,250,6,250,7,250
B0296,202405111220,1,200,4,200,5,200,6,200,7,200
A0297,202405111400,1,250,4,250,5,250,6,250,7,250
B0297,202405111420,1,200,4,200,5,200,6,200,7,200
A0298,202405111600,1,250,4,250,5,250,6,250,7,250
B0298,202405111620,1,200,4,200,5,200,6,200,7,200
A0299,202405111800,1,250,4,250,5,250,6,250,7,250
B0299,202405111820,1,200,4,200,5,200,6,200,7,200
A0300,202405112000,1,250,4,250,5,250,6,250,7,250
B0300,202405112020,1,200,4,200,5,200,6,200,7,200
A0301,202405112200,1,250,4,250,5,250,6,250,7,250
B0301,202405112220,1,200,4,200,5,200,6,200,7,200
A0302,202405111010,-7,250,-6,250,-5,250,-4,250,-1,250
B0302,202405111040,-7,200,-6,200,-5,200,-4,200,-1,200
A0303,202405111210,-7,250,-6,250,-5,250,-4,250,-1,250
B0303,202405111240,-7,200,-6,200,-5,200,-4,200,-1,200
A0304,202405111410,-7,250,-6,250,-5,250,-4,250,-1,250
B0304,202405111440,-7,200,-6,200,-5,200,-4,200,-1,200
A0305,202405111610,-7,250,-6,250,-5,250,-4,250,-1,250
B0305,202405111640,-7,200,-6,200,-5,200,-4,200,-1,200
A0306,202405111810,-7,250,-6,250,-5,250,-4,250,-1,250
B0306,202405111840,-7,200,-6,200,-5,200,-4,200,-1,200
A0307,202405112010,-7,250,-6,250,-5,250,-4,250,-1,250
B0307,202405112040,-7,200,-6,200,-5,200,-4,200,-1,200
A0308,202405112210,-7,250,-6,250,-5,250,-4,250,-1,250
B0308,202405112240,-7,200,-6,200,-5,200,-4,200,-1,200
A0309,202405120900,1,200,2,200,3,200,,,,
B0309,202405120920,1,150,2,150,3,150,,,,
A0310,202405121100,1,200,2,200,3,200,,,,
B0310,202405121120,1,150,2,150,3,150,,,,
A0311,202405121300,1,200,2,200,3,200,,,,
B0311,202405121320,1,150,2,150,3,150,,,,
A0312,202405121500,1,200,2,200,3,200,,,,
B0312,202405121520,1,150,2,150,3,150,,,,
A0313,202405121700,1,200,2,200,3,200,,,,
B0313,202405121720,1,150,2,150,3,150,,,,
A0314,202405121900,1,200,2,200,3,200,,,,
B0314,202405121920,1,150,2,150,3,150,,,,
A0315,202405122100,1,200,2,200,3,100,,,,
B0315,202405122120,1,150,2,150,3,150,,,,
A0316,202405120910,-3,200,-2,200,-1,200,,,,
B0316,202405120940,-3,150,-2,150,-1,150,,,,
A0317,202405121110,-3,200,-2,200,-1,200,,,,
B0317,202405121140,-3,150,-2,150,-1,150,,,,
A0318,202405121310,-3,200,-2,200,-1,200,,,,
B0318,202405121340,-3,150,-2,150,-1,150,,,,
A0319,202405121510,-3,200,-2,200,-1,200,,,,
B0319,202405121540,-3,150,-2,150,-1,150,,,,
A0320,202405121710,-3,200,-2,200,-1,200,,,,
B0320,202405121740,-3,150,-2,150,-1,150,,,,
A0321,202405121910,-3,200,-2,200,-1,200,,,,
B0321,202405121940,-3,150,-2,150,-1,150,,,,
A0322,202405122110,-3,200,-2,200,-1,200,,,,
B0322,202405122140,-3,150,-2,150,-1,150,,,,
A0323,202405121000,1,250,4,250,5,250,6,250,7,250
B0323,202405121020,1,200,4,200,5,200,6,200,7,200
A0324,202405121200,1,250,4,250,5,250,6,250,7,250
B0324,202405121220,1,200,4,200,5,200,6,200,7,200
A0325,202405121400,1,250,4,250,5,250,6,250,7,250
B0325,202405121420,1,200,4,200,5,200,6,200,7,200
A0326,202405121600,1,250,4,250,5,250,6,250,7,250
B0326,202405121620,1,200,4,200,5,200,6,200,7,200
A0327,202405121800,1,250,4,250,5,250,6,250,7,250
B0327,202405121820,1,200,4,200,5,200,6,200,7,200
A0328,202405122000,1,250,4,250,5,250,6,250,7,250
B0328,202405122020,1,200,4,200,5,200,6,200,7,200
A0329,202405122200,1,250,4,250,5,250,6,250,7,250
B0329,202405122220,1,200,4,200,5,200,6,200,7,200
A0330,202405121010,-7,250,-6,250,-5,250,-4,250,-1,250
B0330,202405121040,-7,200,-6,200,-5,200,-4,200,-1,200
A0331,202405121210,-7,250,-6,250,-5,250,-4,250,-1,250
B0331,202405121240,-7,200,-6,200,-5,200,-4,200,-1,200
A0332,202405121410,-7,250,-6,250,-5,250,-4,250,-1,250
B0332,202405121440,-7,200,-6,200,-5,200,-4,200,-1,200
A0333,202405121610,-7,250,-6,250,-5,250,-4,250,-1,250
B0333,202405121640,-7,200,-6,200,-5,200,-4,200,-1,200
A0334,202405121810,-7,250,-6,250,-5,250,-4,250,-1,250
B0334,202405121840,-7,200,-6,200,-5,200,-4,200,-1,200
A0335,202405122010,-7,250,-6,250,-5,250,-4,250,-1,250
B0335,202405122040,-7,200,-6,200,-5,200,-4,200,-1,200
A0336,202405122210,-7,250,-6,250,-5,250,-4,250,-1,250
B0336,202405122240,-7,200,-6,200,-5,200,-4,200,-1,200
A0337,202405130900,1,200,2,200,3,200,,,,
B0337,202405130920,1,150,2,150,3,150,,,,
A0338,202405131100,1,200,2,200,3,200,,,,
B0338,202405131120,1,150,2,150,3,150,,,,
A0339,202405131300,1,200,2,200,3,200,,,,
B0339,202405131320,1,150,2,150,3,150,,,,
A0340,202405131500,1,200,2,200,3,200,,,,
B0340,202405131520,1,150,2,150,3,150,,,,
A0341,202405131700,1,200,2,200,3,200,,,,
B0341,202405131720,1,150,2,150,3,150,,,,
A0342,202405131900,1,200,2,200,3,200,,,,
B0342,202405131920,1,150,2,150,3,150,,,,
A0343,202405132100,1,200,2,200,3,100,,,,
B0343,202405132120,1,150,2,150,3,150,,,,
A0344,202405130910,-3,200,-2,200,-1,200,,,,
B0344,202405130940,-3,150,-2,150,-1,150,,,,
A0345,202405131110,-3,200,-2,200,-1,200,,,,
B0345,202405131140,-3,150,-2,150,-1,150,,,,
A0346,202405131310,-3,200,-2,200,-1,200,,,,
B0346,202405131340,-3,150,-2,150,-1,150,,,,
A0347,202405131510,-3,200,-2,200,-1,200,,,,
B0347,202405131540,-3,150,-2,150,-1,150,,,,
A0348,202405131710,-3,200,-2,200,-1,200,,,,
B0348,202405131740,-3,150,-2,150,-1,150,,,,
A0349,202405131910,-3,200,-2,200,-1,200,,,,
B0349,202405131940,-3,150,-2,150,-1,150,,,,
A0350,202405132110,-3,200,-2,200,-1,200,,,,
B0350,202405132140,-3,150,-2,150,-1,150,,,,
A0351,202405131000,1,250,4,250,5,250,6,250,7,250
B0351,202405131020,1,200,4,200,5,200,6,200,7,200
A0352,202405131200,1,250,4,250,5,250,6,250,7,250
B0352,202405131220,1,200,4,200,5,200,6,200,7,200
A0353,202405131400,1,250,4,250,5,250,6,250,7,250
B0353,202405131420,1,200,4,200,5,200,6,200,7,200
A0354,202405131600,1,250,4,250,5,250,6,250,7,250
B0354,202405131620,1,200,4,200,5,200,6,200,7,200
A0355,202405131800,1,250,4,250,5,250,6,250,7,250
B0355,202405131820,1,200,4,200,5,200,6,200,7,200
A0356,202405132000,1,250,4,250,5,250,6,250,7,250
B0356,202405132020,1,200,4,200,5,200,6,200,7,200
A0357,202405132200,1,250,4,250,5,250,6,250,7,250
B0357,202405132220,1,200,4,200,5,200,6,200,7,200
A0358,202405131010,-7,250,-6,250,-5,250,-4,250,-1,250
B0358,202405131040,-7,200,-6,200,-5,200,-4,200,-1,200
A0359,202405131210,-7,250,-6,250,-5,250,-4,250,-1,250
B0359,202405131240,-7,200,-6,200,-5,200,-4,200,-1,200
A0360,202405131410,-7,250,-6,250,-5,250,-4,250,-1,250
B0360,202405131440,-7,200,-6,200,-5,200,-4,200,-1,200
A0361,202405131610,-7,250,-6,250,-5,250,-4,250,-1,250
B0361,202405131640,-7,200,-6,200,-5,200,-4,200,-1,200
A0362,202405131810,-7,250,-6,250,-5,250,-4,250,-1,250
B0362,202405131840,-7,200,-6,200,-5,200,-4,200,-1,200
A0363,202405132010,-7,250,-6,250,-5,250,-4,250,-1,250
B0363,202405132040,-7,200,-6,200,-5,200,-4,200,-1,200
A0364,202405132210,-7,250,-6,250,-5,250,-4,250,-1,250
B0364,202405132240,-7,200,-6,200,-5,200,-4,200,-1,200
A0365,202405140900,1,200,2,200,3,200,,,,
B0365,202405140920,1,150,2,150,3,150,,,,
A0366,202405141100,1,200,2,200,3,200,,,,
B0366,202405141120,1,150,2,150,3,150,,,,
A0367,202405141300,1,200,2,200,3,200,,,,
B0367,202405141320,1,150,2,150,3,150,,,,
A0368,202405141500,1,200,2,200,3,200,,,,
B0368,202405141520,1,150,2,150,3,150,,,,
A0369,202405141700,1,200,2,200,3,200,,,,
B0369,202405141720,1,150,2,150,3,150,,,,
A0370,202405141900,1,200,2,200,3,200,,,,
B0370,202405141920,1,150,2,150,3,150,,,,
A0371,202405142100,1,200,2,200,3,100,,,,
B0371,202405142120,1,150,2,150,3,150,,,,
A0372,202405140910,-3,200,-2,200,-1,200,,,,
B0372,202405140940,-3,150,-2,150,-1,150,,,,
A0373,202405141110,-3,200,-2,200,-1,200,,,,
B0373,202405141140,-3,150,-2,150,-1,150,,,,
A0374,202405141310,-3,200,-2,200,-1,200,,,,
B0374,202405141340,-3,150,-2,150,-1,150,,,,
A0375,202405141510,-3,200,-2,200,-1,200,,,,
B0375,202405141540,-3,150,-2,150,-1,150,,,,
A0376,202405141710,-3,200,-2,200,-1,200,,,,
B0376,202405141740,-3,150,-2,150,-1,150,,,,
A0377,202405141910,-3,200,-2,200,-1,200,,,,
B0377,202405141940,-3,150,-2,150,-1,150,,,,
A0378,202405142110,-3,200,-2,200,-1,200,,,,
B0378,202405142140,-3,150,-2,150,-1,150,,,,
A0379,202405141000,1,250,4,250,5,250,6,250,7,250
B0379,202405141020,1,200,4,200,5,200,6,200,7,200
A0380,202405141200,1,250,4,250,5,250,6,250,7,250
B0380,202405141220,1,200,4,200,5,200,6,200,7,200
A0381,202405141400,1,250,4,250,5,250,6,250,7,250
B0381,202405141420,1,200,4,200,5,200,6,200,7,200
A0382,202405141600,1,250,4,250,5,250,6,250,7,250
B0382,202405141620,1,200,4,200,5,200,6,200,7,200
A0383,202405141800,1,250,4,250,5,250,6,250,7,250
B0383,202405141820,1,200,4,200,5,200,6,200,7,200
A0384,202405142000,1,250,4,250,5,250,6,250,7,250
B0384,202405142020,1,200,4,200,5,200,6,200,7,200
A0385,202405142200,1,250,4,250,5,250,6,250,7,250
B0385,202405142220,1,200,4,200,5,200,6,200,7,200
A0386,202405141010,-7,250,-6,250,-5,250,-4,250,-1,250
B0386,202405141040,-7,200,-6,200,-5,200,-4,200,-1,200
A0387,202405141210,-7,250,-6,250,-5,250,-4,250,-1,250
B0387,202405141240,-7,200,-6,200,-5,200,-4,200,-1,200
A0388,202405141410,-7,250,-6,250,-5,250,-4,250,-1,250
B0388,202405141440,-7,200,-6,200,-5,200,-4,200,-1,200
A0389,202405141610,-7,250,-6,250,-5,250,-4,250,-1,250
B0389,202405141640,-7,200,-6,200,-5,200,-4,200,-1,200
A0390,202405141810,-7,250,-6,250,-5,250,-4,250,-1,250
B0390,202405141840,-7,200,-6,200,-5,200,-4,200,-1,200
A0391,202405142010,-7,250,-6,250,-5,250,-4,250,-1,250
B0391,202405142040,-7,200,-6,200,-5,200,-4,200,-1,200
A0392,202405142210,-7,250,-6,250,-5,250,-4,250,-1,250
B0392,202405142240,-7,200,-6,200,-5,200,-4,200,-1,200
A0393,202405150900,1,200,2,200,3,200,,,,
B0393,202405150920,1,150,2,150,3,150,,,,
A0394,202405151100,1,200,2,200,3,200,,,,
B0394,202405151120,1,150,2,150,3,150,,,,
A0395,202405151300,1,200,2,200,3,200,,,,
B0395,202405151320,1,150,2,150,3,150,,,,
A0396,202405151500,1,200,2,200,3,200,,,,
B0396,202405151520,1,150,2,150,3,150,,,,
A0397,202405151700,1,200,2,200,3,200,,,,
B0397,202405151720,1,150,2,150,3,150,,,,
A0398,202405151900,1,200,2,200,3,200,,,,
B0398,202405151920,1,150,2,150,3,150,,,,
A0399,202405152100,1,200,2,200,3,100,,,,
B0399,202405152120,1,150,2,150,3,150,,,,
A0400,202405150910,-3,200,-2,200,-1,200,,,,
B0400,202405150940,-3,150,-2,150,-1,150,,,,
A0401,202405151110,-3,200,-2,200,-1,200,,,,
B0401,202405151140,-3,150,-2,150,-1,150,,,,
A0402,202405151310,-3,200,-2,200,-1,200,,,,
B0402,202405151340,-3,150,-2,150,-1,150,,,,
A0403,202405151510,-3,200,-2,200,-1,200,,,,
B0403,202405151540,-3,150,-2,150,-1,150,,,,
A0404,202405151710,-3,200,-2,200,-1,200,,,,
B0404,202405151740,-3,150,-2,150,-1,150,,,,
A0405,202405151910,-3,200,-2,200,-1,200,,,,
B0405,202405151940,-3,150,-2,150,-1,150,,,,
A0406,202405152110,-3,200,-2,200,-1,200,,,,
B0406,202405152140,-3,150,-2,150,-1,150,,,,
A0407,202405151000,1,250,4,250,5,250,6,250,7,250
B0407,202405151020,1,200,4,200,5,200,6,200,7,200
A0408,202405151200,1,250,4,250,5,250,6,250,7,250
B0408,202405151220,1,200,4,200,5,200,6,200,7,200
A0409,202405151400,1,250,4,250,5,250,6,250,7,250
B0409,202405151420,1,200,4,200,5,200,6,200,7,200
A0410,202405151600,1,250,4,250,5,250,6,250,7,250
B0410,202405151620,1,200,4,200,5,200,6,200,7,200
A0411,202405151800,1,250,4,250,5,250,6,250,7,250
B0411,202405151820,1,200,4,200,5,200,6,200,7,200
A0412,202405152000,1,250,4,250,5,250,6,250,7,250
B0412,202405152020,1,200,4,200,5,200,6,200,7,200
A0413,202405152200,1,250,4,250,5,250,6,250,7,250
B0413,202405152220,1,200,4,200,5,200,6,200,7,200
A0414,202405151010,-7,250,-6,250,-5,250,-4,250,-1,250
B0414,202405151040,-7,200,-6,200,-5,200,-4,200,-1,200
A0415,202405151210,-7,250,-6,250,-5,250,-4,250,-1,250
B0415,202405151240,-7,200,-6,200,-5,200,-4,200,-1,200
A0416,202405151410,-7,250,-6,250,-5,250,-4,250,-1,250
B0416,202405151440,-7,200,-6,200,-5,200,-4,200,-1,200
A0417,202405151610,-7,250,-6,250,-5,250,-4,250,-1,250
B0417,202405151640,-7,200,-6,200,-5,200,-4,200,-1,200
A0418,202405151810,-7,250,-6,250,-5,250,-4,250,-1,250
B0418,202405151840,-7,200,-6,200,-5,200,-4,200,-1,200
A0419,202405152010,-7,250,-6,250,-5,250,-4,250,-1,250
B0419,202405152040,-7,200,-6,200,-5,200,-4,200,-1,200
A0420,202405152210,-7,250,-6,250,-5,250,-4,250,-1,250
B0420,202405152240,-7,200,-6,200,-5,200,-4,200,-1,200
A0421,202405160900,1,200,2,200,3,200,,,,
B0421,202405160920,1,150,2,150,3,150,,,,
A0422,202405161100,1,200,2,200,3,200,,,,
B0422,202405161120,1,150,2,150,3,150,,,,
A0423,202405161300,1,200,2,200,3,200,,,,
B0423,202405161320,1,150,2,150,3,150,,,,
A0424,202405161500,1,200,2,200,3,200,,,,
B0424,202405161520,1,150,2,150,3,150,,,,
A0425,202405161700,1,200,2,200,3,200,,,,
B0425,202405161720,1,150,2,150,3,150,,,,
A0426,202405161900,1,200,2,200,3,200,,,,
B0426,202405161920,1,150,2,150,3,150,,,,
A0427,202405162100,1,200,2,200,3,100,,,,
B0427,202405162120,1,150,2,150,3,150,,,,
A0428,202405160910,-3,200,-2,200,-1,200,,,,
B0428,202405160940,-3,150,-2,150,-1,150,,,,
A0429,202405161110,-3,200,-2,200,-1,200,,,,
B0429,202405161140,-3,150,-2,150,-1,150,,,,
A0430,202405161310,-3,200,-2,200,-1,200,,,,
B0430,202405161340,-3,150,-2,150,-1,150,,,,
A0431,202405161510,-3,200,-2,200,-1,200,,,,
B0431,202405161540,-3,150,-2,150,-1,150,,,,
A0432,202405161710,-3,200,-2,200,-1,200,,,,
B0432,202405161740,-3,150,-2,150,-1,150,,,,
A0433,202405161910,-3,200,-2,200,-1,200,,,,
B0433,202405161940,-3,150,-2,150,-1,150,,,,
A0434,202405162110,-3,200,-2,200,-1,200,,,,
B0434,202405162140,-3,150,-2,150,-1,150,,,,
A0435,202405161000,1,250,4,250,5,250,6,250,7,250
B0435,202405161020,1,200,4,200,5,200,6,200,7,200
A0436,202405161200,1,250,4,250,5,250,6,250,7,250
B0436,202405161220,1,200,4,200,5,200,6,200,7,200
A0437,202405161400,1,250,4,250,5,250,6,250,7,250
B0437,202405161420,1,200,4,200,5,200,6,200,7,200
A0438,202405161600,1,250,4,250,5,250,6,250,7,250
B0438,202405161620,1,200,4,200,5,200,6,200,7,200
A0439,202405161800,1,250,4,250,5,250,6,250,7,250
B0439,202405161820,1,200,4,200,5,200,6,200,7,200
A0440,202405162000,1,250,4,250,5,250,6,250,7,250
B0440,202405162020,1,200,4,200,5,200,6,200,7,200
A0441,202405162200,1,250,4,250,5,250,6,250,7,250
B0441,202405162220,1,200,4,200,5,200,6,200,7,200
A0442,202405161010,-7,250,-6,250,-5,250,-4,250,-1,250
B0442,202405161040,-7,200,-6,200,-5,200,-4,200,-1,200
A0443,202405161210,-7,250,-6,250,-5,250,-4,250,-1,250
B0443,202405161240,-7,200,-6,200,-5,200,-4,200,-1,200
A0444,202405161410,-7,250,-6,250,-5,250,-4,250,-1,250
B0444,202405161440,-7,200,-6,200,-5,200,-4,200,-1,200
A0445,202405161610,-7,250,-6,250,-5,250,-4,250,-1,250
B0445,202405161640,-7,200,-6,200,-5,200,-4,200,-1,200
A0446,202405161810,-7,250,-6,250,-5,250,-4,250,-1,250
B0446,202405161840,-7,200,-6,200,-5,200,-4,200,-1,200
A0447,202405162010,-7,250,-6,250,-5,250,-4,250,-1,250
B0447,202405162040,-7,200,-6,200,-5,200,-4,200,-1,200
A0448,202405162210,-7,250,-6,250,-5,250,-4,250,-1,250
B0448,202405162240,-7,200,-6,200,-5,200,-4,200,-1,200
A0449,202405170900,1,200,2,200,3,200,,,,
B0449,202405170920,1,150,2,150,3,150,,,,
A0450,202405171100,1,200,2,200,3,200,,,,
B0450,202405171120,1,150,2,150,3,150,,,,
A0451,202405171300,1,200,2,200,3,200,,,,
B0451,202405171320,1,150,2,150,3,150,,,,
A0452,202405171500,1,200,2,200,3,200,,,,
B0452,202405171520,1,150,2,150,3,150,,,,
A0453,202405171700,1,200,2,200,3,200,,,,
B0453,202405171720,1,150,2,150,3,150,,,,
A0454,202405171900,1,200,2,200,3,200,,,,
B0454,202405171920,1,150,2,150,3,150,,,,
A0455,202405172100,1,200,2,200,3,100,,,,
B0455,202405172120,1,150,2,150,3,150,,,,
A0456,202405170910,-3,200,-2,200,-1,200,,,,
B0456,202405170940,-3,150,-2,150,-1,150,,,,
A0457,202405171110,-3,200,-2,200,-1,200,,,,
B0457,202405171140,-3,150,-2,150,-1,150,,,,
A0458,202405171310,-3,200,-2,200,-1,200,,,,
B0458,202405171340,-3,150,-2,150,-1,150,,,,
A0459,202405171510,-3,200,-2,200,-1,200,,,,
B0459,202405171540,-3,150,-2,150,-1,150,,,,
A0460,202405171710,-3,200,-2,200,-1,200,,,,
B0460,202405171740,-3,150,-2,150,-1,150,,,,
A0461,202405171910,-3,200,-2,200,-1,200,,,,
B0461,202405171940,-3,150,-2,150,-1,150,,,,
A0462,202405172110,-3,200,-2,200,-1,200,,,,
B0462,202405172140,-3,150,-2,150,-1,150,,,,
A0463,202405171000,1,250,4,250,5,250,6,250,7,250
B0463,202405171020,1,200,4,200,5,200,6,200,7,200
A0464,202405171200,1,250,4,250,5,250,6,250,7,250
B0464,202405171220,1,200,4,200,5,200,6,200,7,200
A0465,202405171400,1,250,4,250,5,250,6,250,7,250
B0465,202405171420,1,200,4,200,5,200,6,200,7,200
A0466,202405171600,1,250,4,250,5,250,6,250,7,250
B0466,202405171620,1,200,4,200,5,200,6,200,7,200
A0467,202405171800,1,250,4,250,5,250,6,250,7,250
B0467,202405171820,1,200,4,200,5,200,6,200,7,200
A0468,202405172000,1,250,4,250,5,250,6,250,7,250
B0468,202405172020,1,200,4,200,5,200,6,200,7,200
A0469,202405172200,1,250,4,250,5,250,6,250,7,250
B0469,202405172220,1,200,4,200,5,200,6,200,7,200
A0470,202405171010,-7,250,-6,250,-5,250,-4,250,-1,250
B0470,202405171040,-7,200,-6,200,-5,200,-4,200,-1,200
A0471,202405171210,-7,250,-6,250,-5,250,-4,250,-1,250
B0471,202405171240,-7,200,-6,200,-5,200,-4,200,-1,200
A0472,202405171410,-7,250,-6,250,-5,250,-4,250,-1,250
B0472,202405171440,-7,200,-6,200,-5,200,-4,200,-1,200
A0473,202405171610,-7,250,-6,250,-5,250,-4,250,-1,250
B0473,202405171640,-7,200,-6,200,-5,200,-4,200,-1,200
A0474,202405171810,-7,250,-6,250,-5,250,-4,250,-1,250
B0474,202405171840,-7,200,-6,200,-5,200,-4,200,-1,200
A0475,202405172010,-7,250,-6,250,-5,250,-4,250,-1,250
B0475,202405172040,-7,200,-6,200,-5,200,-4,200,-1,200
A0476,202405172210,-7,250,-6,250,-5,250,-4,250,-1,250
B0476,202405172240,-7,200,-6,200,-5,200,-4,200,-1,200
A0477,202405180900,1,200,2,200,3,200,,,,
B0477,202405180920,1,150,2,150,3,150,,,,
A0478,202405181100,1,200,2,200,3,200,,,,
B0478,202405181120,1,150,2,150,3,150,,,,
A0479,202405181300,1,200,2,200,3,200,,,,
B0479,202405181320,1,150,2,150,3,150,,,,
A0480,202405181500,1,200,2,200,3,200,,,,
B0480,202405181520,1,150,2,150,3,150,,,,
A0481,202405181700,1,200,2,200,3,200,,,,
B0481,202405181720,1,150,2,150,3,150,,,,
A0482,202405181900,1,200,2,200,3,200,,,,
B0482,202405181920,1,150,2,150,3,150,,,,
A0483,202405182100,1,200,2,200,3,100,,,,
B0483,202405182120,1,150,2,150,3,150,,,,
A0484,202405180910,-3,200,-2,200,-1,200,,,,
B0484,202405180940,-3,150,-2,150,-1,150,,,,
A0485,202405181110,-3,200,-2,200,-1,200,,,,
B0485,202405181140,-3,150,-2,150,-1,150,,,,
A0486,202405181310,-3,200,-2,200,-1,200,,,,
B0486,202405181340,-3,150,-2,150,-1,150,,,,
A0487,202405181510,-3,200,-2,200,-1,200,,,,
B0487,202405181540,-3,150,-2,150,-1,150,,,,
A0488,202405181710,-3,200,-2,200,-1,200,,,,
B0488,202405181740,-3,150,-2,150,-1,150,,,,
A0489,202405181910,-3,200,-2,200,-1,200,,,,
B0489,202405181940,-3,150,-2,150,-1,150,,,,
A0490,202405182110,-3,200,-2,200,-1,200,,,,
B0490,202405182140,-3,150,-2,150,-1,150,,,,
A0491,202405181000,1,250,4,250,5,250,6,250,7,250
B0491,202405181020,1,200,4,200,5,200,6,200,7,200
A0492,202405181200,1,250,4,250,5,250,6,250,7,250
B0492,202405181220,1,200,4,200,5,200,6,200,7,200
A0493,202405181400,1,250,4,250,5,250,6,250,7,250
B0493,202405181420,1,200,4,200,5,200,6,200,7,200
A0494,202405181600,1,250,4,250,5,250,6,250,7,250
B0494,202405181620,1,200,4,200,5,200,6,200,7,200
A0495,202405181800,1,250,4,250,5,250,6,250,7,250
B0495,202405181820,1,200,4,200,5,200,6,200,7,200
A0496,202405182000,1,250,4,250,5,250,6,250,7,250
B0496,202405182020,1,200,4,200,5,200,6,200,7,200
A0497,202405182200,1,250,4,250,5,250,6,250,7,250
B0497,202405182220,1,200,4,200,5,200,6,200,7,200
A0498,202405181010,-7,250,-6,250,-5,250,-4,250,-1,250
B0498,202405181040,-7,200,-6,200,-5,200,-4,200,-1,200
A0499,202405181210,-7,250,-6,250,-5,250,-4,250,-1,250
B0499,202405181240,-7,200,-6,200,-5,200,-4,200,-1,200
A0500,202405181410,-7,250,-6,250,-5,250,-4,250,-1,250
B0500,202405181440,-7,200,-6,200,-5,200,-4,200,-1,200
A0501,202405181610,-7,250,-6,250,-5,250,-4,250,-1,250
B0501,202405181640,-7,200,-6,200,-5,200,-4,200,-1,200
A0502,202405181810,-7,250,-6,250,-5,250,-4,250,-1,250
B0502,202405181840,-7,200,-6,200,-5,200,-4,200,-1,200
A0503,202405182010,-7,250,-6,250,-5,250,-4,250,-1,250
B0503,202405182040,-7,200,-6,200,-5,200,-4,200,-1,200
A0504,202405182210,-7,250,-6,250,-5,250,-4,250,-1,250
B0504,202405182240,-7,200,-6,200,-5,200,-4,200,-1,200
A0505,202405190900,1,200,2,200,3,200,,,,
B0505,202405190920,1,150,2,150,3,150,,,,
A0506,202405191100,1,200,2,200,3,200,,,,
B0506,202405191120,1,150,2,150,3,150,,,,
A0507,202405191300,1,200,2,200,3,200,,,,
B0507,202405191320,1,150,2,150,3,150,,,,
A0508,202405191500,1,200,2,200,3,200,,,,
B0508,202405191520,1,150,2,150,3,150,,,,
A0509,202405191700,1,200,2,200,3,200,,,,
B0509,202405191720,1,150,2,150,3,150,,,,
A0510,202405191900,1,200,2,200,3,200,,,,
B0510,202405191920,1,150,2,150,3,150,,,,
A0511,202405192100,1,200,2,200,3,100,,,,
B0511,202405192120,1,150,2,150,3,150,,,,
A0512,202405190910,-3,200,-2,200,-1,200,,,,
B0512,202405190940,-3,150,-2,150,-1,150,,,,
A0513,202405191110,-3,200,-2,200,-1,200,,,,
B0513,202405191140,-3,150,-2,150,-1,150,,,,
A0514,202405191310,-3,200,-2,200,-1,200,,,,
B0514,202405191340,-3,150,-2,150,-1,150,,,,
A0515,202405191510,-3,200,-2,200,-1,200,,,,
B0515,202405191540,-3,150,-2,150,-1,150,,,,
A0516,202405191710,-3,200,-2,200,-1,200,,,,
B0516,202405191740,-3,150,-2,150,-1,150,,,,
A0517,202405191910,-3,200,-2,200,-1,200,,,,
B0517,202405191940,-3,150,-2,150,-1,150,,,,
A0518,202405192110,-3,200,-2,200,-1,200,,,,
B0518,202405192140,-3,150,-2,150,-1,150,,,,
A0519,202405191000,1,250,4,250,5,250,6,250,7,250
B0519,202405191020,1,200,4,200,5,200,6,200,7,200
A0520,202405191200,1,250,4,250,5,250,6,250,7,250
B0520,202405191220,1,200,4,200,5,200,6,200,7,200
A0521,202405191400,1,250,4,250,5,250,6,250,7,250
B0521,202405191420,1,200,4,200,5,200,6,200,7,200
A0522,202405191600,1,250,4,250,5,250,6,250,7,250
B0522,202405191620,1,200,4,200,5,200,6,200,7,200
A0523,202405191800,1,250,4,250,5,250,6,250,7,250
B0523,202405191820,1,200,4,200,5,200,6,200,7,200
A0524,202405192000,1,250,4,250,5,250,6,250,7,250
B0524,202405192020,1,200,4,200,5,200,6,200,7,200
A0525,202405192200,1,250,4,250,5,250,6,250,7,250
B0525,202405192220,1,200,4,200,5,200,6,200,7,200
A0526,202405191010,-7,250,-6,250,-5,250,-4,250,-1,250
B0526,202405191040,-7,200,-6,200,-5,200,-4,200,-1,200
A0527,202405191210,-7,250,-6,250,-5,250,-4,250,-1,250
B0527,202405191240,-7,200,-6,200,-5,200,-4,200,-1,200
A0528,202405191410,-7,250,-6,250,-5,250,-4,250,-1,250
B0528,202405191440,-7,200,-6,200,-5,200,-4,200,-1,200
A0529,202405191610,-7,250,-6,250,-5,250,-4,250,-1,250
B0529,202405191640,-7,200,-6,200,-5,200,-4,200,-1,200
A0530,202405191810,-7,250,-6,250,-5,250,-4,250,-1,250
B0530,202405191840,-7,200,-6,200,-5,200,-4,200,-1,200
A0531,202405192010,-7,250,-6,250,-5,250,-4,250,-1,250
B0531,202405192040,-7,200,-6,200,-5,200,-4,200,-1,200
A0532,202405192210,-7,250,-6,250,-5,250,-4,250,-1,250
B0532,202405192240,-7,200,-6,200,-5,200,-4,200,-1,200
A0533,202405200900,1,200,2,200,3,200,,,,
B0533,202405200920,1,150,2,150,3,150,,,,
A0534,202405201100,1,200,2,200,3,200,,,,
B0534,202405201120,1,150,2,150,3,150,,,,
A0535,202405201300,1,200,2,200,3,200,,,,
B0535,202405201320,1,150,2,150,3,150,,,,
A0536,202405201500,1,200,2,200,3,200,,,,
B0536,202405201520,1,150,2,150,3,150,,,,
A0537,202405201700,1,200,2,200,3,200,,,,
B0537,202405201720,1,150,2,150,3,150,,,,
A0538,202405201900,1,200,2,200,3,200,,,,
B0538,202405201920,1,150,2,150,3,150,,,,
A0539,202405202100,1,200,2,200,3,100,,,,
B0539,202405202120,1,150,2,150,3,150,,,,
A0540,202405200910,-3,200,-2,200,-1,200,,,,
B0540,202405200940,-3,150,-2,150,-1,150,,,,
A0541,202405201110,-3,200,-2,200,-1,200,,,,
B0541,202405201140,-3,150,-2,150,-1,150,,,,
A0542,202405201310,-3,200,-2,200,-1,200,,,,
B0542,202405201340,-3,150,-2,150,-1,150,,,,
A0543,202405201510,-3,200,-2,200,-1,200,,,,
B0543,202405201540,-3,150,-2,150,-1,150,,,,
A0544,202405201710,-3,200,-2,200,-1,200,,,,
B0544,202405201740,-3,150,-2,150,-1,150,,,,
A0545,202405201910,-3,200,-2,200,-1,200,,,,
B0545,202405201940,-3,150,-2,150,-1,150,,,,
A0546,202405202110,-3,200,-2,200,-1,200,,,,
B0546,202405202140,-3,150,-2,150,-1,150,,,,
A0547,202405201000,1,250,4,250,5,250,6,250,7,250
B0547,202405201020,1,200,4,200,5,200,6,200,7,200
A0548,202405201200,1,250,4,250,5,250,6,250,7,250
B0548,202405201220,1,200,4,200,5,200,6,200,7,200
A0549,202405201400,1,250,4,250,5,250,6,250,7,250
B0549,202405201420,1,200,4,200,5,200,6,200,7,200
A0550,202405201600,1,250,4,250,5,250,6,250,7,250
B0550,202405201620,1,200,4,200,5,200,6,200,7,200
A0551,202405201800,1,250,4,250,5,250,6,250,7,250
B0551,202405201820,1,200,4,200,5,200,6,200,7,200
A0552,202405202000,1,250,4,250,5,250,6,250,7,250
B0552,202405202020,1,200,4,200,5,200,6,200,7,200
A0553,202405202200,1,250,4,250,5,250,6,250,7,250
B0553,202405202220,1,200,4,200,5,200,6,200,7,200
A0554,202405201010,-7,250,-6,250,-5,250,-4,250,-1,250
B0554,202405201040,-7,200,-6,200,-5,200,-4,200,-1,200
A0555,202405201210,-7,250,-6,250,-5,250,-4,250,-1,250
B0555,202405201240,-7,200,-6,200,-5,200,-4,200,-1,200
A0556,202405201410,-7,250,-6,250,-5,250,-4,250,-1,250
B0556,202405201440,-7,200,-6,200,-5,200,-4,200,-1,200
A0557,202405201610,-7,250,-6,250,-5,250,-4,250,-1,250
B0557,202405201640,-7,200,-6,200,-5,200,-4,200,-1,200
A0558,202405201810,-7,250,-6,250,-5,250,-4,250,-1,250
B0558,202405201840,-7,200,-6,200,-5,200,-4,200,-1,200
A0559,202405202010,-7,250,-6,250,-5,250,-4,250,-1,250
B0559,202405202040,-7,200,-6,200,-5,200,-4,200,-1,200
A0560,202405202210,-7,250,-6,250,-5,250,-4,250,-1,250
B0560,202405202240,-7,200,-6,200,-5,200,-4,200,-1,200
A0561,202405210900,1,200,2,200,3,200,,,,
B0561,202405210920,1,150,2,150,3,150,,,,
A0562,202405211100,1,200,2,200,3,200,,,,
B0562,202405211120,1,150,2,150,3,150,,,,
A0563,202405211300,1,200,2,200,3,200,,,,
B0563,202405211320,1,150,2,150,3,150,,,,
A0564,202405211500,1,200,2,200,3,200,,,,
B0564,202405211520,1,150,2,150,3,150,,,,
A0565,202405211700,1,200,2,200,3,200,,,,
B0565,202405211720,1,150,2,150,3,150,,,,
A0566,202405211900,1,200,2,200,3,200,,,,
B0566,202405211920,1,150,2,150,3,150,,,,
A0567,202405212100,1,200,2,200,3,100,,,,
B0567,202405212120,1,150,2,150,3,150,,,,
A0568,202405210910,-3,200,-2,200,-1,200,,,,
B0568,202405210940,-3,150,-2,150,-1,150,,,,
A0569,202405211110,-3,200,-2,200,-1,200,,,,
B0569,202405211140,-3,150,-2,150,-1,150,,,,
A0570,202405211310,-3,200,-2,200,-1,200,,,,
B0570,202405211340,-3,150,-2,150,-1,150,,,,
A0571,202405211510,-3,200,-2,200,-1,200,,,,
B0571,202405211540,-3,150,-2,150,-1,150,,,,
A0572,202405211710,-3,200,-2,200,-1,200,,,,
B0572,202405211740,-3,150,-2,150,-1,150,,,,
A0573,202405211910,-3,200,-2,200,-1,200,,,,
B0573,202405211940,-3,150,-2,150,-1,150,,,,
A0574,202405212110,-3,200,-2,200,-1,200,,,,
B0574,202405212140,-3,150,-2,150,-1,150,,,,
A0575,202405211000,1,250,4,250,5,250,6,250,7,250
B0575,202405211020,1,200,4,200,5,200,6,200,7,200
A0576,202405211200,1,250,4,250,5,250,6,250,7,250
B0576,202405211220,1,200,4,200,5,200,6,200,7,200
A0577,202405211400,1,250,4,250,5,250,6,250,7,250
B0577,202405211420,1,200,4,200,5,200,6,200,7,200
A0578,202405211600,1,250,4,250,5,250,6,250,7,250
B0578,202405211620,1,200,4,200,5,200,6,200,7,200
A0579,202405211800,1,250,4,250,5,250,6,250,7,250
B0579,202405211820,1,200,4,200,5,200,6,200,7,200
A0580,202405212000,1,250,4,250,5,250,6,250,7,250
B0580,202405212020,1,200,4,200,5,200,6,200,7,200
A0581,202405212200,1,250,4,250,5,250,6,250,7,250
B0581,202405212220,1,200,4,200,5,200,6,200,7,200
A0582,202405211010,-7,250,-6,250,-5,250,-4,250,-1,250
B0582,202405211040,-7,200,-6,200,-5,200,-4,200,-1,200
A0583,202405211210,-7,250,-6,250,-5,250,-4,250,-1,250
B0583,202405211240,-7,200,-6,200,-5,200,-4,200,-1,200
A0584,202405211410,-7,250,-6,250,-5,250,-4,250,-1,250
B0584,202405211440,-7,200,-6,200,-5,200,-4,200,-1,200
A0585,202405211610,-7,250,-6,250,-5,250,-4,250,-1,250
B0585,202405211640,-7,200,-6,200,-5,200,-4,200,-1,200
A0586,202405211810,-7,250,-6,250,-5,250,-4,250,-1,250
B0586,202405211840,-7,200,-6,200,-5,200,-4,200,-1,200
A0587,202405212010,-7,250,-6,250,-5,250,-4,250,-1,250
B0587,202405212040,-7,200,-6,200,-5,200,-4,200,-1,200
A0588,202405212210,-7,250,-6,250,-5,250,-4,250,-1,250
B0588,202405212240,-7,200,-6,200,-5,200,-4,200,-1,200
A0589,202405220900,1,200,2,200,3,200,,,,
B0589,202405220920,1,150,2,150,3,150,,,,
A0590,202405221100,1,200,2,200,3,200,,,,
B0590,202405221120,1,150,2,150,3,150,,,,
A0591,202405221300,1,200,2,200,3,200,,,,
B0591,202405221320,1,150,2,150,3,150,,,,
A0592,202405221500,1,200,2,200,3,200,,,,
B0592,202405221520,1,150,2,150,3,150,,,,
A0593,202405221700,1,200,2,200,3,200,,,,
B0593,202405221720,1,150,2,150,3,150,,,,
A0594,202405221900,1,200,2,200,3,200,,,,
B0594,202405221920,1,150,2,150,3,150,,,,
A0595,202405222100,1,200,2,200,3,100,,,,
B0595,202405222120,1,150,2,150,3,150,,,,
A0596,202405220910,-3,200,-2,200,-1,200,,,,
B0596,202405220940,-3,150,-2,150,-1,150,,,,
A0597,202405221110,-3,200,-2,200,-1,200,,,,
B0597,202405221140,-3,150,-2,150,-1,150,,,,
A0598,202405221310,-3,200,-2,200,-1,200,,,,
B0598,202405221340,-3,150,-2,150,-1,150,,,,
A0599,202405221510,-3,200,-2,200,-1,200,,,,
B0599,202405221540,-3,150,-2,150,-1,150,,,,
A0600,202405221710,-3,200,-2,200,-1,200,,,,
B0600,202405221740,-3,150,-2,150,-1,150,,,,
A0601,202405221910,-3,200,-2,200,-1,200,,,,
B0601,202405221940,-3,150,-2,150,-1,150,,,,
A0602,202405222110,-3,200,-2,200,-1,200,,,,
B0602,202405222140,-3,150,-2,150,-1,150,,,,
A0603,202405221000,1,250,4,250,5,250,6,250,7,250
B0603,202405221020,1,200,4,200,5,200,6,200,7,200
A0604,202405221200,1,250,4,250,5,250,6,250,7,250
B0604,202405221220,1,200,4,200,5,200,6,200,7,200
A0605,202405221400,1,250,4,250,5,250,6,250,7,250
B0605,202405221420,1,200,4,200,5,200,6,200,7,200
A0606,202405221600,1,250,4,250,5,250,6,250,7,250
B0606,202405221620,1,200,4,200,5,200,6,200,7,200
A0607,202405221800,1,250,4,250,5,250,6,250,7,250
B0607,202405221820,1,200,4,200,5,200,6,200,7,200
A0608,202405222000,1,250,4,250,5,250,6,250,7,250
B0608,202405222020,1,200,4,200,5,200,6,200,7,200
A0609,202405222200,1,250,4,250,5,250,6,250,7,250
B0609,202405222220,1,200,4,200,5,200,6,200,7,200
A0610,202405221010,-7,250,-6,250,-5,250,-4,250,-1,250
B0610,202405221040,-7,200,-6,200,-5,200,-4,200,-1,200
A0611,202405221210,-7,250,-6,250,-5,250,-4,250,-1,250
B0611,202405221240,-7,200,-6,200,-5,200,-4,200,-1,200
A0612,202405221410,-7,250,-6,250,-5,250,-4,250,-1,250
B0612,202405221440,-7,200,-6,200,-5,200,-4,200,-1,200
A0613,202405221610,-7,250,-6,250,-5,250,-4,250,-1,250
B0613,202405221640,-7,200,-6,200,-5,200,-4,200,-1,200
A0614,202405221810,-7,250,-6,250,-5,250,-4,250,-1,250
B0614,202405221840,-7,200,-6,200,-5,200,-4,200,-1,200
A0615,202405222010,-7,250,-6,250,-5,250,-4,250,-1,250
B0615,202405222040,-7,200,-6,200,-5,200,-4,200,-1,200
A0616,202405222210,-7,250,-6,250,-5,250,-4,250,-1,250
B0616,202405222240,-7,200,-6,200,-5,200,-4,200,-1,200
A0617,202405230900,1,200,2,200,3,200,,,,
B0617,202405230920,1,150,2,150,3,150,,,,
A0618,202405231100,1,200,2,200,3,200,,,,
B0618,202405231120,1,150,2,150,3,150,,,,
A0619,202405231300,1,200,2,200,3,200,,,,
B0619,202405231320,1,150,2,150,3,150,,,,
A0620,202405231500,1,200,2,200,3,200,,,,
B0620,202405231520,1,150,2,150,3,150,,,,
A0621,202405231700,1,200,2,200,3,200,,,,
B0621,202405231720,1,150,2,150,3,150,,,,
A0622,202405231900,1,200,2,200,3,200,,,,
B0622,202405231920,1,150,2,150,3,150,,,,
A0623,202405232100,1,200,2,200,3,100,,,,
B0623,202405232120,1,150,2,150,3,150,,,,
A0624,202405230910,-3,200,-2,200,-1,200,,,,
B0624,202405230940,-3,150,-2,150,-1,150,,,,
A0625,202405231110,-3,200,-2,200,-1,200,,,,
B0625,202405231140,-3,150,-2,150,-1,150,,,,
A0626,202405231310,-3,200,-2,200,-1,200,,,,
B0626,202405231340,-3,150,-2,150,-1,150,,,,
A0627,202405231510,-3,200,-2,200,-1,200,,,,
B0627,202405231540,-3,150,-2,150,-1,150,,,,
A0628,202405231710,-3,200,-2,200,-1,200,,,,
B0628,202405231740,-3,150,-2,150,-1,150,,,,
A0629,202405231910,-3,200,-2,200,-1,200,,,,
B0629,202405231940,-3,150,-2,150,-1,150,,,,
A0630,202405232110,-3,200,-2,200,-1,200,,,,
B0630,202405232140,-3,150,-2,150,-1,150,,,,
A0631,202405231000,1,250,4,250,5,250,6,250,7,250
B0631,202405231020,1,200,4,200,5,200,6,200,7,200
A0632,202405231200,1,250,4,250,5,250,6,250,7,250
B0632,202405231220,1,200,4,200,5,200,6,200,7,200
A0633,202405231400,1,250,4,250,5,250,6,250,7,250
B0633,202405231420,1,200,4,200,5,200,6,200,7,200
A0634,202405231600,1,250,4,250,5,250,6,250,7,250
B0634,202405231620,1,200,4,200,5,200,6,200,7,200
A0635,202405231800,1,250,4,250,5,250,6,250,7,250
B0635,202405231820,1,200,4,200,5,200,6,200,7,200
A0636,202405232000,1,250,4,250,5,250,6,250,7,250
B0636,202405232020,1,200,4,200,5,200,6,200,7,200
A0637,202405232200,1,250,4,250,5,250,6,250,7,250
B0637,202405232220,1,200,4,200,5,200,6,200,7,200
A0638,202405231010,-7,250,-6,250,-5,250,-4,250,-1,250
B0638,202405231040,-7,200,-6,200,-5,200,-4,200,-1,200
A0639,202405231210,-7,250,-6,250,-5,250,-4,250,-1,250
B0639,202405231240,-7,200,-6,200,-5,200,-4,200,-1,200
A0640,202405231410,-7,250,-6,250,-5,250,-4,250,-1,250
B0640,202405231440,-7,200,-6,200,-5,200,-4,200,-1,200
A0641,202405231610,-7,250,-6,250,-5,250,-4,250,-1,250
B0641,202405231640,-7,200,-6,200,-5,200,-4,200,-1,200
A0642,202405231810,-7,250,-6,250,-5,250,-4,250,-1,250
B0642,202405231840,-7,200,-6,200,-5,200,-4,200,-1,200
A0643,202405232010,-7,250,-6,250,-5,250,-4,250,-1,250
B0643,202405232040,-7,200,-6,200,-5,200,-4,200,-1,200
A0644,202405232210,-7,250,-6,250,-5,250,-4,250,-1,250
B0644,202405232240,-7,200,-6,200,-5,200,-4,200,-1,200
A0645,202405240900,1,200,2,200,3,200,,,,
B0645,202405240920,1,150,2,150,3,150,,,,
A0646,202405241100,1,200,2,200,3,200,,,,
B0646,202405241120,1,150,2,150,3,150,,,,
A0647,202405241300,1,200,2,200,3,200,,,,
B0647,202405241320,1,150,2,150,3,150,,,,
A0648,202405241500,1,200,2,200,3,200,,,,
B0648,202405241520,1,150,2,150,3,150,,,,
A0649,202405241700,1,200,2,200,3,200,,,,
B0649,202405241720,1,150,2,150,3,150,,,,
A0650,202405241900,1,200,2,200,3,200,,,,
B0650,202405241920,1,150,2,150,3,150,,,,
A0651,202405242100,1,200,2,200,3,100,,,,
B0651,202405242120,1,150,2,150,3,150,,,,
A0652,202405240910,-3,200,-2,200,-1,200,,,,
B0652,202405240940,-3,150,-2,150,-1,150,,,,
A0653,202405241110,-3,200,-2,200,-1,200,,,,
B0653,202405241140,-3,150,-2,150,-1,150,,,,
A0654,202405241310,-3,200,-2,200,-1,200,,,,
B0654,202405241340,-3,150,-2,150,-1,150,,,,
A0655,202405241510,-3,200,-2,200,-1,200,,,,
B0655,202405241540,-3,150,-2,150,-1,150,,,,
A0656,202405241710,-3,200,-2,200,-1,200,,,,
B0656,202405241740,-3,150,-2,150,-1,150,,,,
A0657,202405241910,-3,200,-2,200,-1,200,,,,
B0657,202405241940,-3,150,-2,150,-1,150,,,,
A0658,202405242110,-3,200,-2,200,-1,200,,,,
B0658,202405242140,-3,150,-2,150,-1,150,,,,
A0659,202405241000,1,250,4,250,5,250,6,250,7,250
B0659,202405241020,1,200,4,200,5,200,6,200,7,200
A0660,202405241200,1,250,4,250,5,250,6,250,7,250
B0660,202405241220,1,200,4,200,5,200,6,200,7,200
A0661,202405241400,1,250,4,250,5,250,6,250,7,250
B0661,202405241420,1,200,4,200,5,200,6,200,7,200
A0662,202405241600,1,250,4,250,5,250,6,250,7,250
B0662,202405241620,1,200,4,200,5,200,6,200,7,200
A0663,202405241800,1,250,4,250,5,250,6,250,7,250
B0663,202405241820,1,200,4,200,5,200,6,200,7,200
A0664,202405242000,1,250,4,250,5,250,6,250,7,250
B0664,202405242020,1,200,4,200,5,200,6,200,7,200
A0665,202405242200,1,250,4,250,5,250,6,250,7,250
B0665,202405242220,1,200,4,200,5,200,6,200,7,200
A0666,202405241010,-7,250,-6,250,-5,250,-4,250,-1,250
B0666,202405241040,-7,200,-6,200,-5,200,-4,200,-1,200
A0667,202405241210,-7,250,-6,250,-5,250,-4,250,-1,250
B0667,202405241240,-7,200,-6,200,-5,200,-4,200,-1,200
A0668,202405241410,-7,250,-6,250,-5,250,-4,250,-1,250
B0668,202405241440,-7,200,-6,200,-5,200,-4,200,-1,200
A0669,202405241610,-7,250,-6,250,-5,250,-4,250,-1,250
B0669,202405241640,-7,200,-6,200,-5,200,-4,200,-1,200
A0670,202405241810,-7,250,-6,250,-5,250,-4,250,-1,250
B0670,202405241840,-7,200,-6,200,-5,200,-4,200,-1,200
A0671,202405242010,-7,250,-6,250,-5,250,-4,250,-1,250
B0671,202405242040,-7,200,-6,200,-5,200,-4,200,-1,200
A0672,202405242210,-7,250,-6,250,-5,250,-4,250,-1,250
B0672,202405242240,-7,200,-6,200,-5,200,-4,200,-1,200
A0673,202405250900,1,200,2,200,3,200,,,,
B0673,202405250920,1,150,2,150,3,150,,,,
A0674,202405251100,1,200,2,200,3,200,,,,
B0674,202405251120,1,150,2,150,3,150,,,,
A0675,202405251300,1,200,2,200,3,200,,,,
B0675,202405251320,1,150,2,150,3,150,,,,
A0676,202405251500,1,200,2,200,3,200,,,,
B0676,202405251520,1,150,2,150,3,150,,,,
A0677,202405251700,1,200,2,200,3,200,,,,
B0677,202405251720,1,150,2,150,3,150,,,,
A0678,202405251900,1,200,2,200,3,200,,,,
B0678,202405251920,1,150,2,150,3,150,,,,
A0679,202405252100,1,200,2,200,3,100,,,,
B0679,202405252120,1,150,2,150,3,150,,,,
A0680,202405250910,-3,200,-2,200,-1,200,,,,
B0680,202405250940,-3,150,-2,150,-1,150,,,,
A0681,202405251110,-3,200,-2,200,-1,200,,,,
B0681,202405251140,-3,150,-2,150,-1,150,,,,
A0682,202405251310,-3,200,-2,200,-1,200,,,,
B0682,202405251340,-3,150,-2,150,-1,150,,,,
A0683,202405251510,-3,200,-2,200,-1,200,,,,
B0683,202405251540,-3,150,-2,150,-1,150,,,,
A0684,202405251710,-3,200,-2,200,-1,200,,,,
B0684,202405251740,-3,150,-2,150,-1,150,,,,
A0685,202405251910,-3,200,-2,200,-1,200,,,,
B0685,202405251940,-3,150,-2,150,-1,150,,,,
A0686,202405252110,-3,200,-2,200,-1,200,,,,
B0686,202405252140,-3,150,-2,150,-1,150,,,,
A0687,202405251000,1,250,4,250,5,250,6,250,7,250
B0687,202405251020,1,200,4,200,5,200,6,200,7,200
A0688,202405251200,1,250,4,250,5,250,6,250,7,250
B0688,202405251220,1,200,4,200,5,200,6,200,7,200
A0689,202405251400,1,250,4,250,5,250,6,250,7,250
B0689,202405251420,1,200,4,200,5,200,6,200,7,200
A0690,202405251600,1,250,4,250,5,250,6,250,7,250
B0690,202405251620,1,200,4,200,5,200,6,200,7,200
A0691,202405251800,1,250,4,250,5,250,6,250,7,250
B0691,202405251820,1,200,4,200,5,200,6,200,7,200
A0692,202405252000,1,250,4,250,5,250,6,250,7,250
B0692,202405252020,1,200,4,200,5,200,6,200,7,200
A0693,202405252200,1,250,4,250,5,250,6,250,7,250
B0693,202405252220,1,200,4,200,5,200,6,200,7,200
A0694,202405251010,-7,250,-6,250,-5,250,-4,250,-1,250
B0694,202405251040,-7,200,-6,200,-5,200,-4,200,-1,200
A0695,202405251210,-7,250,-6,250,-5,250,-4,250,-1,250
B0695,202405251240,-7,200,-6,200,-5,200,-4,200,-1,200
A0696,202405251410,-7,250,-6,250,-5,250,-4,250,-1,250
B0696,202405251440,-7,200,-6,200,-5,200,-4,200,-1,200
A0697,202405251610,-7,250,-6,250,-5,250,-4,250,-1,250
B0697,202405251640,-7,200,-6,200,-5,200,-4,200,-1,200
A0698,202405251810,-7,250,-6,250,-5,250,-4,250,-1,250
B0698,202405251840,-7,200,-6,200,-5,200,-4,200,-1,200
A0699,202405252010,-7,250,-6,250,-5,250,-4,250,-1,250
B0699,202405252040,-7,200,-6,200,-5,200,-4,200,-1,200
A0700,202405252210,-7,250,-6,250,-5,250,-4,250,-1,250
B0700,202405252240,-7,200,-6,200,-5,200,-4,200,-1,200
A0701,202405260900,1,200,2,200,3,200,,,,
B0701,202405260920,1,150,2,150,3,150,,,,
A0702,202405261100,1,200,2,200,3,200,,,,
B0702,202405261120,1,150,2,150,3,150,,,,
A0703,202405261300,1,200,2,200,3,200,,,,
B0703,202405261320,1,150,2,150,3,150,,,,
A0704,202405261500,1,200,2,200,3,200,,,,
B0704,202405261520,1,150,2,150,3,150,,,,
A0705,202405261700,1,200,2,200,3,200,,,,
B0705,202405261720,1,150,2,150,3,150,,,,
A0706,202405261900,1,200,2,200,3,200,,,,
B0706,202405261920,1,150,2,150,3,150,,,,
A0707,202405262100,1,200,2,200,3,100,,,,
B0707,202405262120,1,150,2,150,3,150,,,,
A0708,202405260910,-3,200,-2,200,-1,200,,,,
B0708,202405260940,-3,150,-2,150,-1,150,,,,
A0709,202405261110,-3,200,-2,200,-1,200,,,,
B0709,202405261140,-3,150,-2,150,-1,150,,,,
A0710,202405261310,-3,200,-2,200,-1,200,,,,
B0710,202405261340,-3,150,-2,150,-1,150,,,,
A0711,202405261510,-3,200,-2,200,-1,200,,,,
B0711,202405261540,-3,150,-2,150,-1,150,,,,
A0712,202405261710,-3,200,-2,200,-1,200,,,,
B0712,202405261740,-3,150,-2,150,-1,150,,,,
A0713,202405261910,-3,200,-2,200,-1,200,,,,
B0713,202405261940,-3,150,-2,150,-1,150,,,,
A0714,202405262110,-3,200,-2,200,-1,200,,,,
B0714,202405262140,-3,150,-2,150,-1,150,,,,
A0715,202405261000,1,250,4,250,5,250,6,250,7,250
B0715,202405261020,1,200,4,200,5,200,6,200,7,200
A0716,202405261200,1,250,4,250,5,250,6,250,7,250
B0716,202405261220,1,200,4,200,5,200,6,200,7,200
A0717,202405261400,1,250,4,250,5,250,6,250,7,250
B0717,202405261420,1,200,4,200,5,200,6,200,7,200
A0718,202405261600,1,250,4,250,5,250,6,250,7,250
B0718,202405261620,1,200,4,200,5,200,6,200,7,200
A0719,202405261800,1,250,4,250,5,250,6,250,7,250
B0719,202405261820,1,200,4,200,5,200,6,200,7,200
A0720,202405262000,1,250,4,250,5,250,6,250,7,250
B0720,202405262020,1,200,4,200,5,200,6,200,7,200
A0721,202405262200,1,250,4,250,5,250,6,250,7,250
B0721,202405262220,1,200,4,200,5,200,6,200,7,200
A0722,202405261010,-7,250,-6,250,-5,250,-4,250,-1,250
B0722,202405261040,-7,200,-6,200,-5,200,-4,200,-1,200
A0723,202405261210,-7,250,-6,250,-5,250,-4,250,-1,250
B0723,202405261240,-7,200,-6,200,-5,200,-4,200,-1,200
A0724,202405261410,-7,250,-6,250,-5,250,-4,250,-1,250
B0724,202405261440,-7,200,-6,200,-5,200,-4,200,-1,200
A0725,202405261610,-7,250,-6,250,-5,250,-4,250,-1,250
B0725,202405261640,-7,200,-6,200,-5,200,-4,200,-1,200
A0726,202405261810,-7,250,-6,250,-5,250,-4,250,-1,250
B0726,202405261840,-7,200,-6,200,-5,200,-4,200,-1,200
A0727,202405262010,-7,250,-6,250,-5,250,-4,250,-1,250
B0727,202405262040,-7,200,-6,200,-5,200,-4,200,-1,200
A0728,202405262210,-7,250,-6,250,-5,250,-4,250,-1,250
B0728,202405262240,-7,200,-6,200,-5,200,-4,200,-1,200
A0729,202405270900,1,200,2,200,3,200,,,,
B0729,202405270920,1,150,2,150,3,150,,,,
A0730,202405271100,1,200,2,200,3,200,,,,
B0730,202405271120,1,150,2,150,3,150,,,,
A0731,202405271300,1,200,2,200,3,200,,,,
B0731,202405271320,1,150,2,150,3,150,,,,
A0732,202405271500,1,200,2,200,3,200,,,,
B0732,202405271520,1,150,2,150,3,150,,,,
A0733,202405271700,1,200,2,200,3,200,,,,
B0733,202405271720,1,150,2,150,3,150,,,,
A0734,202405271900,1,200,2,200,3,200,,,,
B0734,202405271920,1,150,2,150,3,150,,,,
A0735,202405272100,1,200,2,200,3,100,,,,
B0735,202405272120,1,150,2,150,3,150,,,,
A0736,202405270910,-3,200,-2,200,-1,200,,,,
B0736,202405270940,-3,150,-2,150,-1,150,,,,
A0737,202405271110,-3,200,-2,200,-1,200,,,,
B0737,202405271140,-3,150,-2,150,-1,150,,,,
A0738,202405271310,-3,200,-2,200,-1,200,,,,
B0738,202405271340,-3,150,-2,150,-1,150,,,,
A0739,202405271510,-3,200,-2,200,-1,200,,,,
B0739,202405271540,-3,150,-2,150,-1,150,,,,
A0740,202405271710,-3,200,-2,200,-1,200,,,,
B0740,202405271740,-3,150,-2,150,-1,150,,,,
A0741,202405271910,-3,200,-2,200,-1,200,,,,
B0741,202405271940,-3,150,-2,150,-1,150,,,,
A0742,202405272110,-3,200,-2,200,-1,200,,,,
B0742,202405272140,-3,150,-2,150,-1,150,,,,
A0743,202405271000,1,250,4,250,5,250,6,250,7,250
B0743,202405271020,1,200,4,200,5,200,6,200,7,200
A0744,202405271200,1,250,4,250,5,250,6,250,7,250
B0744,202405271220,1,200,4,200,5,200,6,200,7,200
A0745,202405271400,1,250,4,250,5,250,6,250,7,250
B0745,202405271420,1,200,4,200,5,200,6,200,7,200
A0746,202405271600,1,250,4,250,5,250,6,250,7,250
B0746,202405271620,1,200,4,200,5,200,6,200,7,200
A0747,202405271800,1,250,4,250,5,250,6,250,7,250
B0747,202405271820,1,200,4,200,5,200,6,200,7,200
A0748,202405272000,1,250,4,250,5,250,6,250,7,250
B0748,202405272020,1,200,4,200,5,200,6,200,7,200
A0749,202405272200,1,250,4,250,5,250,6,250,7,250
B0749,202405272220,1,200,4,200,5,200,6,200,7,200
A0750,202405271010,-7,250,-6,250,-5,250,-4,250,-1,250
B0750,202405271040,-7,200,-6,200,-5,200,-4,200,-1,200
A0751,202405271210,-7,250,-6,250,-5,250,-4,250,-1,250
B0751,202405271240,-7,200,-6,200,-5,200,-4,200,-1,200
A0752,202405271410,-7,250,-6,250,-5,250,-4,250,-1,250
B0752,202405271440,-7,200,-6,200,-5,200,-4,200,-1,200
A0753,202405271610,-7,250,-6,250,-5,250,-4,250,-1,250
B0753,202405271640,-7,200,-6,200,-5,200,-4,200,-1,200
A0754,202405271810,-7,250,-6,250,-5,250,-4,250,-1,250
B0754,202405271840,-7,200,-6,200,-5,200,-4,200,-1,200
A0755,202405272010,-7,250,-6,250,-5,250,-4,250,-1,250
B0755,202405272040,-7,200,-6,200,-5,200,-4,200,-1,200
A0756,202405272210,-7,250,-6,250,-5,250,-4,250,-1,250
B0756,202405272240,-7,200,-6,200,-5,200,-4,200,-1,200
A0757,202405280900,1,200,2,200,3,200,,,,
B0757,202405280920,1,150,2,150,3,150,,,,
A0758,202405281100,1,200,2,200,3,200,,,,
B0758,202405281120,1,150,2,150,3,150,,,,
A0759,202405281300,1,200,2,200,3,200,,,,
B0759,202405281320,1,150,2,150,3,150,,,,
A0760,202405281500,1,200,2,200,3,200,,,,
B0760,202405281520,1,150,2,150,3,150,,,,
A0761,202405281700,1,200,2,200,3,200,,,,
B0761,202405281720,1,150,2,150,3,150,,,,
A0762,202405281900,1,200,2,200,3,200,,,,
B0762,202405281920,1,150,2,150,3,150,,,,
A0763,202405282100,1,200,2,200,3,100,,,,
B0763,202405282120,1,150,2,150,3,150,,,,
A0764,202405280910,-3,200,-2,200,-1,200,,,,
B0764,202405280940,-3,150,-2,150,-1,150,,,,
A0765,202405281110,-3,200,-2,200,-1,200,,,,
B0765,202405281140,-3,150,-2,150,-1,150,,,,
A0766,202405281310,-3,200,-2,200,-1,200,,,,
B0766,202405281340,-3,150,-2,150,-1,150,,,,
A0767,202405281510,-3,200,-2,200,-1,200,,,,
B0767,202405281540,-3,150,-2,150,-1,150,,,,
A0768,202405281710,-3,200,-2,200,-1,200,,,,
B0768,202405281740,-3,150,-2,150,-1,150,,,,
A0769,202405281910,-3,200,-2,200,-1,200,,,,
B0769,202405281940,-3,150,-2,150,-1,150,,,,
A0770,202405282110,-3,200,-2,200,-1,200,,,,
B0770,202405282140,-3,150,-2,150,-1,150,,,,
A0771,202405281000,1,250,4,250,5,250,6,250,7,250
B0771,202405281020,1,200,4,200,5,200,6,200,7,200
A0772,202405281200,1,250,4,250,5,250,6,250,7,250
B0772,202405281220,1,200,4,200,5,200,6,200,7,200
A0773,202405281400,1,250,4,250,5,250,6,250,7,250
B0773,202405281420,1,200,4,200,5,200,6,200,7,200
A0774,202405281600,1,250,4,250,5,250,6,250,7,250
B0774,202405281620,1,200,4,200,5,200,6,200,7,200
A0775,202405281800,1,250,4,250,5,250,6,250,7,250
B0775,202405281820,1,200,4,200,5,200,6,200,7,200
A0776,202405282000,1,250,4,250,5,250,6,250,7,250
B0776,202405282020,1,200,4,200,5,200,6,200,7,200
A0777,202405282200,1,250,4,250,5,250,6,250,7,250
B0777,202405282220,1,200,4,200,5,200,6,200,7,200
A0778,202405281010,-7,250,-6,250,-5,250,-4,250,-1,250
B0778,202405281040,-7,200,-6,200,-5,200,-4,200,-1,200
A0779,202405281210,-7,250,-6,250,-5,250,-4,250,-1,250
B0779,202405281240,-7,200,-6,200,-5,200,-4,200,-1,200
A0780,202405281410,-7,250,-6,250,-5,250,-4,250,-1,250
B0780,202405281440,-7,200,-6,200,-5,200,-4,200,-1,200
A0781,202405281610,-7,250,-6,250,-5,250,-4,250,-1,250
B0781,202405281640,-7,200,-6,200,-5,200,-4,200,-1,200
A0782,202405281810,-7,250,-6,250,-5,250,-4,250,-1,250
B0782,202405281840,-7,200,-6,200,-5,200,-4,200,-1,200
A0783,202405282010,-7,250,-6,250,-5,250,-4,250,-1,250
B0783,202405282040,-7,200,-6,200,-5,200,-4,200,-1,200
A0784,202405282210,-7,250,-6,250,-5,250,-4,250,-1,250
B0784,202405282240,-7,200,-6,200,-5,200,-4,200,-1,200
A0785,202405290900,1,200,2,200,3,200,,,,
B0785,202405290920,1,150,2,150,3,150,,,,
A0786,202405291100,1,200,2,200,3,200,,,,
B0786,202405291120,1,150,2,150,3,150,,,,
A0787,202405291300,1,200,2,200,3,200,,,,
B0787,202405291320,1,150,2,150,3,150,,,,
A0788,202405291500,1,200,2,200,3,200,,,,
B0788,202405291520,1,150,2,150,3,150,,,,
A0789,202405291700,1,200,2,200,3,200,,,,
B0789,202405291720,1,150,2,150,3,150,,,,
A0790,202405291900,1,200,2,200,3,200,,,,
B0790,202405291920,1,150,2,150,3,150,,,,
A0791,202405292100,1,200,2,200,3,100,,,,
B0791,202405292120,1,150,2,150,3,150,,,,
A0792,202405290910,-3,200,-2,200,-1,200,,,,
B0792,202405290940,-3,150,-2,150,-1,150,,,,
A0793,202405291110,-3,200,-2,200,-1,200,,,,
B0793,202405291140,-3,150,-2,150,-1,150,,,,
A0794,202405291310,-3,200,-2,200,-1,200,,,,
B0794,202405291340,-3,150,-2,150,-1,150,,,,
A0795,202405291510,-3,200,-2,200,-1,200,,,,
B0795,202405291540,-3,150,-2,150,-1,150,,,,
A0796,202405291710,-3,200,-2,200,-1,200,,,,
B0796,202405291740,-3,150,-2,150,-1,150,,,,
A0797,202405291910,-3,200,-2,200,-1,200,,,,
B0797,202405291940,-3,150,-2,150,-1,150,,,,
A0798,202405292110,-3,200,-2,200,-1,200,,,,
B0798,202405292140,-3,150,-2,150,-1,150,,,,
A0799,202405291000,1,250,4,250,5,250,6,250,7,250
B0799,202405291020,1,200,4,200,5,200,6,200,7,200
A0800,202405291200,1,250,4,250,5,250,6,250,7,250
B0800,202405291220,1,200,4,200,5,200,6,200,7,200
A0801,202405291400,1,250,4,250,5,250,6,250,7,250
B0801,202405291420,1,200,4,200,5,200,6,200,7,200
A0802,202405291600,1,250,4,250,5,250,6,250,7,250
B0802,202405291620,1,200,4,200,5,200,6,200,7,200
A0803,202405291800,1,250,4,250,5,250,6,250,7,250
B0803,202405291820,1,200,4,200,5,200,6,200,7,200
A0804,202405292000,1,250,4,250,5,250,6,250,7,250
B0804,202405292020,1,200,4,200,5,200,6,200,7,200
A0805,202405292200,1,250,4,250,5,250,6,250,7,250
B0805,202405292220,1,200,4,200,5,200,6,200,7,200
A0806,202405291010,-7,250,-6,250,-5,250,-4,250,-1,250
B0806,202405291040,-7,200,-6,200,-5,200,-4,200,-1,200
A0807,202405291210,-7,250,-6,250,-5,250,-4,250,-1,250
B0807,202405291240,-7,200,-6,200,-5,200,-4,200,-1,200
A0808,202405291410,-7,250,-6,250,-5,250,-4,250,-1,250
B0808,202405291440,-7,200,-6,200,-5,200,-4,200,-1,200
A0809,202405291610,-7,250,-6,250,-5,250,-4,250,-1,250
B0809,202405291640,-7,200,-6,200,-5,200,-4,200,-1,200
A0810,202405291810,-7,250,-6,250,-5,250,-4,250,-1,250
B0810,202405291840,-7,200,-6,200,-5,200,-4,200,-1,200
A0811,202405292010,-7,250,-6,250,-5,250,-4,250,-1,250
B0811,202405292040,-7,200,-6,200,-5,200,-4,200,-1,200
A0812,202405292210,-7,250,-6,250,-5,250,-4,250,-1,250
B0812,202405292240,-7,200,-6,200,-5,200,-4,200,-1,200
A0813,202405300900,1,200,2,200,3,200,,,,
B0813,202405300920,1,150,2,150,3,150,,,,
A0814,202405301100,1,200,2,200,3,200,,,,
B0814,202405301120,1,150,2,150,3,150,,,,
A0815,202405301300,1,200,2,200,3,200,,,,
B0815,202405301320,1,150,2,150,3,150,,,,
A0816,202405301500,1,200,2,200,3,200,,,,
B0816,202405301520,1,150,2,150,3,150,,,,
A0817,202405301700,1,200,2,200,3,200,,,,
B0817,202405301720,1,150,2,150,3,150,,,,
A0818,202405301900,1,200,2,200,3,200,,,,
B0818,202405301920,1,150,2,150,3,150,,,,
A0819,202405302100,1,200,2,200,3,100,,,,
B0819,202405302120,1,150,2,150,3,150,,,,
A0820,202405300910,-3,200,-2,200,-1,200,,,,
B0820,202405300940,-3,150,-2,150,-1,150,,,,
A0821,202405301110,-3,200,-2,200,-1,200,,,,
B0821,202405301140,-3,150,-2,150,-1,150,,,,
A0822,202405301310,-3,200,-2,200,-1,200,,,,
B0822,202405301340,-3,150,-2,150,-1,150,,,,
A0823,202405301510,-3,200,-2,200,-1,200,,,,
B0823,202405301540,-3,150,-2,150,-1,150,,,,
A0824,202405301710,-3,200,-2,200,-1,200,,,,
B0824,202405301740,-3,150,-2,150,-1,150,,,,
A0825,202405301910,-3,200,-2,200,-1,200,,,,
B0825,202405301940,-3,150,-2,150,-1,150,,,,
A0826,202405302110,-3,200,-2,200,-1,200,,,,
B0826,202405302140,-3,150,-2,150,-1,150,,,,
A0827,202405301000,1,250,4,250,5,250,6,250,7,250
B0827,202405301020,1,200,4,200,5,200,6,200,7,200
A0828,202405301200,1,250,4,250,5,250,6,250,7,250
B0828,202405301220,1,200,4,200,5,200,6,200,7,200
A0829,202405301400,1,250,4,250,5,250,6,250,7,250
B0829,202405301420,1,200,4,200,5,200,6,200,7,200
A0830,202405301600,1,250,4,250,5,250,6,250,7,250
B0830,202405301620,1,200,4,200,5,200,6,200,7,200
A0831,202405301800,1,250,4,250,5,250,6,250,7,250
B0831,202405301820,1,200,4,200,5,200,6,200,7,200
A0832,202405302000,1,250,4,250,5,250,6,250,7,250
B0832,202405302020,1,200,4,200,5,200,6,200,7,200
A0833,202405302200,1,250,4,250,5,250,6,250,7,250
B0833,202405302220,1,200,4,200,5,200,6,200,7,200
A0834,202405301010,-7,250,-6,250,-5,250,-4,250,-1,250
B0834,202405301040,-7,200,-6,200,-5,200,-4,200,-1,200
A0835,202405301210,-7,250,-6,250,-5,250,-4,250,-1,250
B0835,202405301240,-7,200,-6,200,-5,200,-4,200,-1,200
A0836,202405301410,-7,250,-6,250,-5,250,-4,250,-1,250
B0836,202405301440,-7,200,-6,200,-5,200,-4,200,-1,200
A0837,202405301610,-7,250,-6,250,-5,250,-4,250,-1,250
B0837,202405301640,-7,200,-6,200,-5,200,-4,200,-1,200
A0838,202405301810,-7,250,-6,250,-5,250,-4,250,-1,250
B0838,202405301840,-7,200,-6,200,-5,200,-4,200,-1,200
A0839,202405302010,-7,250,-6,250,-5,250,-4,250,-1,250
B0839,202405302040,-7,200,-6,200,-5,200,-4,200,-1,200
A0840,202405302210,-7,250,-6,250,-5,250,-4,250,-1,250
B0840,202405302240,-7,200,-6,200,-5,200,-4,200,-1,200
A0841,202405310900,1,200,2,200,3,200,,,,
B0841,202405310920,1,150,2,150,3,150,,,,
A0842,202405311100,1,200,2,200,3,200,,,,
B0842,202405311120,1,150,2,150,3,150,,,,
A0843,202405311300,1,200,2,200,3,200,,,,
B0843,202405311320,1,150,2,150,3,150,,,,
A0844,202405311500,1,200,2,200,3,200,,,,
B0844,202405311520,1,150,2,150,3,150,,,,
A0845,202405311700,1,200,2,200,3,200,,,,
B0845,202405311720,1,150,2,150,3,150,,,,
A0846,202405311900,1,200,2,200,3,200,,,,
B0846,202405311920,1,150,2,150,3,150,,,,
A0847,202405312100,1,200,2,200,3,100,,,,
B0847,202405312120,1,150,2,150,3,150,,,,
A0848,202405310910,-3,200,-2,200,-1,200,,,,
B0848,202405310940,-3,150,-2,150,-1,150,,,,
A0849,202405311110,-3,200,-2,200,-1,200,,,,
B0849,202405311140,-3,150,-2,150,-1,150,,,,
A0850,202405311310,-3,200,-2,200,-1,200,,,,
B0850,202405311340,-3,150,-2,150,-1,150,,,,
A0851,202405311510,-3,200,-2,200,-1,200,,,,
B0851,202405311540,-3,150,-2,150,-1,150,,,,
A0852,202405311710,-3,200,-2,200,-1,200,,,,
B0852,202405311740,-3,150,-2,150,-1,150,,,,
A0853,202405311910,-3,200,-2,200,-1,200,,,,
B0853,202405311940,-3,150,-2,150,-1,150,,,,
A0854,202405312110,-3,200,-2,200,-1,200,,,,
B0854,202405312140,-3,150,-2,150,-1,150,,,,
A0855,202405311000,1,250,4,250,5,250,6,250,7,250
B0855,202405311020,1,200,4,200,5,200,6,200,7,200
A0856,202405311200,1,250,4,250,5,250,6,250,7,250
B0856,202405311220,1,200,4,200,5,200,6,200,7,200
A0857,202405311400,1,250,4,250,5,250,6,250,7,250
B0857,202405311420,1,200,4,200,5,200,6,200,7,200
A0858,202405311600,1,250,4,250,5,250,6,250,7,250
B0858,202405311620,1,200,4,200,5,200,6,200,7,200
A0859,202405311800,1,250,4,250,5,250,6,250,7,250
B0859,202405311820,1,200,4,200,5,200,6,200,7,200
A0860,202405312000,1,250,4,250,5,250,6,250,7,250
B0860,202405312020,1,200,4,200,5,200,6,200,7,200
A0861,202405312200,1,250,4,250,5,250,6,250,7,250
A0862,202405311010,-7,250,-6,250,-5,250,-4,250,-1,250
B0862,202405311040,-7,200,-6,200,-5,200,-4,200,-1,200
A0863,202405311210,-7,250,-6,250,-5,250,-4,250,-1,250
B0863,202405311240,-7,200,-6,200,-5,200,-4,200,-1,200
A0864,202405311410,-7,250,-6,250,-5,250,-4,250,-1,250
B0864,202405311440,-7,200,-6,200,-5,200,-4,200,-1,200
A0865,202405311610,-7,250,-6,250,-5,250,-4,250,-1,250
B0865,202405311640,-7,200,-6,200,-5,200,-4,200,-1,200
A0866,202405311810,-7,250,-6,250,-5,250,-4,250,-1,250
B0866,202405311840,-7,200,-6,200,-5,200,-4,200,-1,200
A0867,202405312010,-7,250,-6,250,-5,250,-4,250,-1,250
B0867,202405312040,-7,200,-6,200,-5,200,-4,200,-1,200
A0868,202405312210,-7,250,-6,250,-5,250,-4,250,-1,250
B0868,202405312240,-7,200,-6,200,-5,200,-4,200,-1,200
B0861,202405312220,1,198,4,198,5,198,6,200,7,200
